"x0:0","x0:1","d:0","d:1","Points:0","Points:1","Points:2"
0,0,2.4384e-20,1.2886e-20,0,0,0
0.001,0,-7.5441e-21,-1.1167e-21,0.001,0,0
0.001,0.05,7.5732e-11,-3.0867e-10,0.001,0.05,0
0,0.05,6.3941e-10,-1.7821e-10,0,0.05,0
0.00025,0,7.6297e-21,-6.6923e-21,0.00025,0,0
0.0005,0,4.6579e-21,-8.0205e-21,0.0005,0,0
0.00075,0,7.9296e-22,-6.6002e-21,0.00075,0,0
0.001,0.00025,-9.3967e-11,-3.2804e-11,0.001,0.00025,0
0.001,0.0005,-8.5359e-11,-5.1492e-11,0.001,0.0005,0
0.001,0.00075,-4.7783e-11,-4.8804e-11,0.001,0.00075,0
0.001,0.001,-2.6428e-11,-3.7176e-11,0.001,0.001,0
0.001,0.00125,-1.3907e-11,-2.4505e-11,0.001,0.00125,0
0.001,0.0015,-8.1935e-12,-1.4856e-11,0.001,0.0015,0
0.001,0.00175,-5.903e-12,-8.62e-12,0.001,0.00175,0
0.001,0.002,-4.9738e-12,-4.8784e-12,0.001,0.002,0
0.001,0.00225,-4.6678e-12,-2.4661e-12,0.001,0.00225,0
0.001,0.0025,-4.0941e-12,-5.8737e-13,0.001,0.0025,0
0.001,0.00275,3.7112e-13,-6.1122e-14,0.001,0.00275,0
0.001,0.003,-2.9314e-12,-7.0058e-13,0.001,0.003,0
0.001,0.00325,3.6765e-12,5.4199e-13,0.001,0.00325,0
0.001,0.0035,-5.0643e-12,7.9822e-13,0.001,0.0035,0
0.001,0.00375,-4.5462e-13,-2.1049e-12,0.001,0.00375,0
0.001,0.004,-8.444e-13,-3.4383e-13,0.001,0.004,0
0.001,0.00425,2.6259e-12,-1.468e-13,0.001,0.00425,0
0.001,0.0045,-3.7328e-12,-1.9629e-12,0.001,0.0045,0
0.001,0.00475,1.7513e-13,-2.1848e-12,0.001,0.00475,0
0.001,0.005,-9.1184e-13,-2.5386e-12,0.001,0.005,0
0.001,0.00525,-5.1333e-13,6.4351e-13,0.001,0.00525,0
0.001,0.0055,-7.3009e-12,1.8819e-12,0.001,0.0055,0
0.001,0.00575,2.2867e-12,-3.3003e-12,0.001,0.00575,0
0.001,0.006,-5.5715e-12,-1.445e-12,0.001,0.006,0
0.001,0.00625,6.2821e-13,-9.8823e-13,0.001,0.00625,0
0.001,0.0065,-3.6748e-12,4.64e-13,0.001,0.0065,0
0.001,0.00675,-1.103e-12,1.9802e-12,0.001,0.00675,0
0.001,0.007,1.291e-12,1.9467e-12,0.001,0.007,0
0.001,0.00725,-5.5436e-12,-1.6913e-12,0.001,0.00725,0
0.001,0.0075,3.7783e-12,-1.0191e-12,0.001,0.0075,0
0.001,0.00775,-2.6575e-12,2.8066e-13,0.001,0.00775,0
0.001,0.008,5.592e-13,-7.0287e-13,0.001,0.008,0
0.001,0.00825,-3.8145e-12,-6.9537e-13,0.001,0.00825,0
0.001,0.0085,-3.8122e-12,-1.1551e-13,0.001,0.0085,0
0.001,0.00875,-1.9122e-12,-2.7273e-13,0.001,0.00875,0
0.001,0.009,-4.8027e-13,1.5909e-12,0.001,0.009,0
0.001,0.00925,-6.1223e-12,1.4598e-12,0.001,0.00925,0
0.001,0.0095,6.0498e-14,-1.1302e-12,0.001,0.0095,0
0.001,0.00975,-9.543e-13,5.6182e-13,0.001,0.00975,0
0.001,0.01,2.3924e-12,6.2884e-13,0.001,0.01,0
0.001,0.01025,-5.1129e-12,-1.0852e-12,0.001,0.01025,0
0.001,0.0105,2.2168e-12,9.3978e-13,0.001,0.0105,0
0.001,0.01075,2.6588e-12,5.9444e-13,0.001,0.01075,0
0.001,0.011,-4.5899e-12,-8.0542e-13,0.001,0.011,0
0.001,0.01125,2.8042e-12,1.3005e-12,0.001,0.01125,0
0.001,0.0115,4.4498e-13,1.1363e-12,0.001,0.0115,0
0.001,0.01175,2.6355e-12,-1.9884e-13,0.001,0.01175,0
0.001,0.012,-5.4862e-12,-1.9183e-12,0.001,0.012,0
0.001,0.01225,3.0001e-12,9.013e-13,0.001,0.01225,0
0.001,0.0125,-4.8348e-14,3.1685e-12,0.001,0.0125,0
0.001,0.01275,1.3126e-12,-1.768e-12,0.001,0.01275,0
0.001,0.013,2.431e-12,-2.1204e-12,0.001,0.013,0
0.001,0.01325,-6.3169e-12,-6.8497e-13,0.001,0.01325,0
0.001,0.0135,3.881e-13,-5.9013e-13,0.001,0.0135,0
0.001,0.01375,-3.3234e-12,-1.8049e-13,0.001,0.01375,0
0.001,0.014,-3.3951e-12,4.1708e-13,0.001,0.014,0
0.001,0.01425,-1.6685e-12,1.3021e-13,0.001,0.01425,0
0.001,0.0145,-3.0979e-13,1.8802e-12,0.001,0.0145,0
0.001,0.01475,-5.8746e-12,1.8381e-12,0.001,0.01475,0
0.001,0.015,1.2672e-12,-1.1525e-12,0.001,0.015,0
0.001,0.01525,-2.6944e-12,-1.8975e-12,0.001,0.01525,0
0.001,0.0155,-1.9892e-12,-1.8591e-12,0.001,0.0155,0
0.001,0.01575,-4.4449e-13,8.6725e-13,0.001,0.01575,0
0.001,0.016,-5.9965e-12,1.8026e-12,0.001,0.016,0
0.001,0.01625,1.1395e-12,-1.6854e-12,0.001,0.01625,0
0.001,0.0165,7.0299e-13,1.8678e-13,0.001,0.0165,0
0.001,0.01675,-4.4657e-12,1.2764e-12,0.001,0.01675,0
0.001,0.017,-2.4686e-13,-1.7486e-12,0.001,0.017,0
0.001,0.01725,-7.3278e-13,-9.4397e-14,0.001,0.01725,0
0.001,0.0175,2.6767e-12,5.1005e-14,0.001,0.0175,0
0.001,0.01775,-3.596e-12,-1.6425e-12,0.001,0.01775,0
0.001,0.018,-5.5869e-14,-1.3435e-12,0.001,0.018,0
0.001,0.01825,-3.6862e-12,-1.058e-12,0.001,0.01825,0
0.001,0.0185,-4.1518e-12,-6.4519e-13,0.001,0.0185,0
0.001,0.01875,-4.2133e-12,-1.1404e-12,0.001,0.01875,0
0.001,0.019,-7.0441e-12,-1.6287e-12,0.001,0.019,0
0.001,0.01925,-7.7221e-12,1.0619e-12,0.001,0.01925,0
0.001,0.0195,-5.8035e-13,3.475e-12,0.001,0.0195,0
0.001,0.01975,-2.0441e-12,1.0555e-12,0.001,0.01975,0
0.001,0.02,1.2467e-12,-1.5045e-12,0.001,0.02,0
0.001,0.02025,-2.2263e-12,-1.7952e-12,0.001,0.02025,0
0.001,0.0205,-3.3373e-12,-8.6808e-13,0.001,0.0205,0
0.001,0.02075,-3.5982e-12,-3.3684e-13,0.001,0.02075,0
0.001,0.021,-1.6068e-12,-4.8086e-13,0.001,0.021,0
0.001,0.02125,-5.1548e-13,1.4907e-12,0.001,0.02125,0
0.001,0.0215,-6.3444e-12,1.5608e-12,0.001,0.0215,0
0.001,0.02175,1.0347e-12,-1.3286e-12,0.001,0.02175,0
0.001,0.022,-2.8506e-12,-2.0109e-12,0.001,0.022,0
0.001,0.02225,-2.0995e-12,-1.9311e-12,0.001,0.02225,0
0.001,0.0225,-5.3119e-13,8.1508e-13,0.001,0.0225,0
0.001,0.02275,-6.0759e-12,1.7433e-12,0.001,0.02275,0
0.001,0.023,1.1015e-12,-1.8003e-12,0.001,0.023,0
0.001,0.02325,8.2638e-13,-9.4694e-15,0.001,0.02325,0
0.001,0.0235,-3.9798e-12,1.1543e-12,0.001,0.0235,0
0.001,0.02375,1.383e-12,-2.1293e-12,0.001,0.02375,0
0.001,0.024,-2.9829e-12,-2.0422e-12,0.001,0.024,0
0.001,0.02425,-4.689e-12,-9.4235e-13,0.001,0.02425,0
0.001,0.0245,-4.719e-12,-3.216e-13,0.001,0.0245,0
0.001,0.02475,-4.11e-12,6.7014e-14,0.001,0.02475,0
0.001,0.025,-3.4172e-12,6.6507e-13,0.001,0.025,0
0.001,0.02525,-6.3311e-14,1.043e-12,0.001,0.02525,0
0.001,0.0255,-8.8413e-12,-5.152e-13,0.001,0.0255,0
0.001,0.02575,-3.4151e-12,1.1555e-12,0.001,0.02575,0
0.001,0.026,-4.6735e-12,1.7095e-12,0.001,0.026,0
0.001,0.02625,-2.0979e-12,1.8107e-12,0.001,0.02625,0
0.001,0.0265,7.3066e-13,-1.7284e-12,0.001,0.0265,0
0.001,0.02675,-1.5884e-12,-1.3684e-12,0.001,0.02675,0
0.001,0.027,-1.8896e-12,4.5656e-13,0.001,0.027,0
0.001,0.02725,-9.229e-12,-6.8123e-13,0.001,0.02725,0
0.001,0.0275,-3.1286e-12,1.2938e-12,0.001,0.0275,0
0.001,0.02775,-3.8902e-12,2.078e-12,0.001,0.02775,0
0.001,0.028,-1.2327e-12,2.4889e-12,0.001,0.028,0
0.001,0.02825,2.8775e-12,-9.8276e-14,0.001,0.02825,0
0.001,0.0285,-9.8639e-12,1.5936e-13,0.001,0.0285,0
0.001,0.02875,1.3656e-13,3.2992e-12,0.001,0.02875,0
0.001,0.029,1.4836e-12,-6.194e-13,0.001,0.029,0
0.001,0.02925,-8.5627e-12,-1.0278e-12,0.001,0.02925,0
0.001,0.0295,-4.068e-13,-1.2676e-12,0.001,0.0295,0
0.001,0.02975,-1.4129e-12,-2.5071e-12,0.001,0.02975,0
0.001,0.03,-1.6949e-12,-1.8402e-12,0.001,0.03,0
0.001,0.03025,-3.5831e-12,-6.0028e-13,0.001,0.03025,0
0.001,0.0305,-4.1855e-12,-4.0576e-14,0.001,0.0305,0
0.001,0.03075,-4.2438e-12,2.5227e-13,0.001,0.03075,0
0.001,0.031,-4.2626e-12,7.2754e-13,0.001,0.031,0
0.001,0.03125,-4.5753e-12,1.8034e-12,0.001,0.03125,0
0.001,0.0315,-2.0129e-12,2.0606e-12,0.001,0.0315,0
0.001,0.03175,8.0342e-13,-1.5955e-12,0.001,0.03175,0
0.001,0.032,-1.44e-12,-1.3863e-12,0.001,0.032,0
0.001,0.03225,-1.686e-12,3.3954e-13,0.001,0.03225,0
0.001,0.0325,-9.5124e-12,-9.6529e-13,0.001,0.0325,0
0.001,0.03275,-3.5781e-12,3.3311e-13,0.001,0.03275,0
0.001,0.033,-6.7746e-12,8.4165e-13,0.001,0.033,0
0.001,0.03325,-2.7818e-12,2.4476e-12,0.001,0.03325,0
0.001,0.0335,4.382e-13,2.5304e-12,0.001,0.0335,0
0.001,0.03375,9.8595e-13,-1.4446e-12,0.001,0.03375,0
0.001,0.034,-1.2959e-11,-9.0018e-13,0.001,0.034,0
0.001,0.03425,-2.3665e-12,3.0686e-12,0.001,0.03425,0
0.001,0.0345,-1.361e-12,2.7017e-12,0.001,0.0345,0
0.001,0.03475,2.4782e-12,-6.582e-13,0.001,0.03475,0
0.001,0.035,-9.8338e-12,-3.5218e-13,0.001,0.035,0
0.001,0.03525,3.7175e-13,2.9596e-12,0.001,0.03525,0
0.001,0.0355,1.8217e-12,-8.538e-13,0.001,0.0355,0
0.001,0.03575,-8.1892e-12,-1.2042e-12,0.001,0.03575,0
0.001,0.036,-6.7006e-14,-1.3859e-12,0.001,0.036,0
0.001,0.03625,-1.0073e-12,-2.6924e-12,0.001,0.03625,0
0.001,0.0365,-1.6696e-12,-2.4024e-12,0.001,0.0365,0
0.001,0.03675,-6.615e-12,-6.9829e-13,0.001,0.03675,0
0.001,0.037,-2.993e-12,1.5791e-12,0.001,0.037,0
0.001,0.03725,1.051e-12,2.5499e-12,0.001,0.03725,0
0.001,0.0375,-2.327e-12,-1.8177e-12,0.001,0.0375,0
0.001,0.03775,-4.648e-12,-2.4393e-12,0.001,0.03775,0
0.001,0.038,-4.805e-12,-2.2035e-12,0.001,0.038,0
0.001,0.03825,-1.3338e-11,1.4038e-12,0.001,0.03825,0
0.001,0.0385,2.5622e-12,6.7435e-13,0.001,0.0385,0
0.001,0.03875,-1.883e-12,-2.2002e-12,0.001,0.03875,0
0.001,0.039,-4.4209e-12,-1.8409e-12,0.001,0.039,0
0.001,0.03925,-4.4092e-12,-8.9759e-13,0.001,0.03925,0
0.001,0.0395,-4.0394e-12,-1.5295e-14,0.001,0.0395,0
0.001,0.03975,-1.5678e-12,1.368e-12,0.001,0.03975,0
0.001,0.04,4.8988e-13,1.8524e-12,0.001,0.04,0
0.001,0.04025,-9.0445e-12,2.7481e-13,0.001,0.04025,0
0.001,0.0405,-8.2367e-13,2.6606e-12,0.001,0.0405,0
0.001,0.04075,2.3855e-12,-5.6317e-13,0.001,0.04075,0
0.001,0.041,-9.368e-12,-3.5377e-13,0.001,0.041,0
0.001,0.04125,-2.4422e-13,2.4595e-12,0.001,0.04125,0
0.001,0.0415,1.2598e-12,-2.2309e-12,0.001,0.0415,0
0.001,0.04175,-1.293e-11,-6.8221e-14,0.001,0.04175,0
0.001,0.042,5.512e-13,3.5526e-12,0.001,0.042,0
0.001,0.04225,2.8986e-12,7.6539e-14,0.001,0.04225,0
0.001,0.0425,-8.7199e-12,-3.8265e-13,0.001,0.0425,0
0.001,0.04275,4.8465e-13,3.0918e-12,0.001,0.04275,0
0.001,0.043,2.5701e-12,-5.1896e-13,0.001,0.043,0
0.001,0.04325,-1.0259e-11,-5.8072e-13,0.001,0.04325,0
0.001,0.0435,-4.3825e-13,2.4558e-12,0.001,0.0435,0
0.001,0.04375,5.1999e-13,-2.5474e-12,0.001,0.04375,0
0.001,0.044,-3.3371e-12,-1.9995e-12,0.001,0.044,0
0.001,0.04425,-7.5432e-12,-1.3069e-14,0.001,0.04425,0
0.001,0.0445,-4.8407e-12,6.4308e-13,0.001,0.0445,0
0.001,0.04475,-4.1657e-12,3.2562e-13,0.001,0.04475,0
0.001,0.045,-4.1258e-12,1.0433e-13,0.001,0.045,0
0.001,0.04525,-3.9393e-12,4.1487e-13,0.001,0.04525,0
0.001,0.0455,-1.5125e-12,1.5197e-12,0.001,0.0455,0
0.001,0.04575,6.0759e-13,1.79e-12,0.001,0.04575,0
0.001,0.046,-8.9664e-12,9.6503e-14,0.001,0.046,0
0.001,0.04625,-7.8346e-13,2.2395e-12,0.001,0.04625,0
0.001,0.0465,1.7606e-12,-1.5527e-12,0.001,0.0465,0
0.001,0.04675,-8.0394e-12,-2.3344e-12,0.001,0.04675,0
0.001,0.047,6.8209e-13,-3.5137e-12,0.001,0.047,0
0.001,0.04725,-2.7398e-13,-6.2869e-12,0.001,0.04725,0
0.001,0.0475,-3.4118e-14,-7.466e-12,0.001,0.0475,0
0.001,0.04775,-7.5629e-13,-8.5599e-12,0.001,0.04775,0
0.001,0.048,2.7581e-12,-1.3014e-11,0.001,0.048,0
0.001,0.04825,9.222e-12,-2.3807e-11,0.001,0.04825,0
0.001,0.0485,-1.5928e-12,-3.6418e-11,0.001,0.0485,0
0.001,0.04875,1.2465e-11,-5.2913e-11,0.001,0.04875,0
0.001,0.049,1.9689e-11,-8.6439e-11,0.001,0.049,0
0.001,0.04925,2.6471e-11,-1.2695e-10,0.001,0.04925,0
0.001,0.0495,2.5584e-11,-1.7655e-10,0.001,0.0495,0
0.001,0.04975,5.2042e-11,-2.4422e-10,0.001,0.04975,0
0.00075,0.05,1.6996e-10,-2.6766e-10,0.00075,0.05,0
0.0005,0.05,3.1196e-10,-2.2444e-10,0.0005,0.05,0
0.00025,0.05,4.7718e-10,-1.9577e-10,0.00025,0.05,0
0,0.04975,6.1928e-10,-1.5809e-10,0,0.04975,0
0,0.0495,6.2116e-10,-1.2708e-10,0,0.0495,0
0,0.04925,6.1829e-10,-9.94e-11,0,0.04925,0
0,0.049,6.3472e-10,-7.1502e-11,0,0.049,0
0,0.04875,6.3536e-10,-5.1135e-11,0,0.04875,0
0,0.0485,6.4072e-10,-3.5405e-11,0,0.0485,0
0,0.04825,6.543e-10,-2.2792e-11,0,0.04825,0
0,0.048,6.5044e-10,-1.5442e-11,0,0.048,0
0,0.04775,6.5576e-10,-1.0409e-11,0,0.04775,0
0,0.0475,6.5787e-10,-6.61e-12,0,0.0475,0
0,0.04725,6.5861e-10,-3.8079e-12,0,0.04725,0
0,0.047,6.5821e-10,-2.6311e-12,0,0.047,0
0,0.04675,6.596e-10,-1.6508e-12,0,0.04675,0
0,0.0465,6.5147e-10,-7.7707e-13,0,0.0465,0
0,0.04625,6.5598e-10,-1.2833e-12,0,0.04625,0
0,0.046,6.6061e-10,-1.6783e-12,0,0.046,0
0,0.04575,6.7177e-10,-1.1563e-12,0,0.04575,0
0,0.0455,6.5689e-10,4.7274e-13,0,0.0455,0
0,0.04525,6.5949e-10,-1.8135e-13,0,0.04525,0
0,0.045,6.6052e-10,2.4999e-13,0,0.045,0
0,0.04475,6.6067e-10,7.8429e-13,0,0.04475,0
0,0.0445,6.5982e-10,1.429e-12,0,0.0445,0
0,0.04425,6.5708e-10,1.6867e-12,0,0.04425,0
0,0.044,6.5223e-10,8.6884e-13,0,0.044,0
0,0.04375,6.5958e-10,9.3277e-13,0,0.04375,0
0,0.0435,6.5299e-10,4.5982e-13,0,0.0435,0
0,0.04325,6.5231e-10,-5.5434e-13,0,0.04325,0
0,0.043,6.6295e-10,5.4903e-13,0,0.043,0
0,0.04275,6.5287e-10,-3.5956e-13,0,0.04275,0
0,0.0425,6.5308e-10,-5.8954e-13,0,0.0425,0
0,0.04225,6.5237e-10,-3.4805e-13,0,0.04225,0
0,0.042,6.6181e-10,4.7105e-13,0,0.042,0
0,0.04175,6.5688e-10,-2.4044e-13,0,0.04175,0
0,0.0415,6.5368e-10,-7.881e-13,0,0.0415,0
0,0.04125,6.5112e-10,-8.2886e-14,0,0.04125,0
0,0.041,6.5494e-10,-4.9029e-13,0,0.041,0
0,0.04075,6.6431e-10,-2.2582e-13,0,0.04075,0
0,0.0405,6.5382e-10,-6.4558e-13,0,0.0405,0
0,0.04025,6.5972e-10,-1.4835e-12,0,0.04025,0
0,0.04,6.7159e-10,-1.0984e-12,0,0.04,0
0,0.03975,6.569e-10,6.2363e-13,0,0.03975,0
0,0.0395,6.5937e-10,1.587e-13,0,0.0395,0
0,0.03925,6.5983e-10,7.5455e-13,0,0.03925,0
0,0.039,6.5815e-10,9.3483e-13,0,0.039,0
0,0.03875,6.5396e-10,3.2522e-13,0,0.03875,0
0,0.0385,6.5929e-10,4.5819e-13,0,0.0385,0
0,0.03825,6.6155e-10,-5.8667e-13,0,0.03825,0
0,0.038,6.5372e-10,2.3432e-13,0,0.038,0
0,0.03775,6.5652e-10,-4.8344e-13,0,0.03775,0
0,0.0375,6.5438e-10,-6.452e-13,0,0.0375,0
0,0.03725,6.5838e-10,-8.767e-14,0,0.03725,0
0,0.037,6.5264e-10,-1.5477e-15,0,0.037,0
0,0.03675,6.5741e-10,-6.5194e-13,0,0.03675,0
0,0.0365,6.596e-10,-3.2946e-13,0,0.0365,0
0,0.03625,6.6029e-10,4.2977e-13,0,0.03625,0
0,0.036,6.5953e-10,3.5316e-13,0,0.036,0
0,0.03575,6.6086e-10,4.9377e-13,0,0.03575,0
0,0.0355,6.5449e-10,1.1087e-12,0,0.0355,0
0,0.03525,6.5559e-10,-2.5809e-13,0,0.03525,0
0,0.035,6.5255e-10,-7.5692e-13,0,0.035,0
0,0.03475,6.6132e-10,4.2167e-13,0,0.03475,0
0,0.0345,6.5429e-10,-2.27e-14,0,0.0345,0
0,0.03425,6.5862e-10,-3.3474e-13,0,0.03425,0
0,0.034,6.5996e-10,-3.7401e-13,0,0.034,0
0,0.03375,6.6094e-10,-8.0463e-14,0,0.03375,0
0,0.0335,6.503e-10,1.9038e-13,0,0.0335,0
0,0.03325,6.5502e-10,-1.0229e-12,0,0.03325,0
0,0.033,6.583e-10,-1.0973e-12,0,0.033,0
0,0.03275,6.6042e-10,-5.5596e-13,0,0.03275,0
0,0.0325,6.6262e-10,4.4068e-13,0,0.0325,0
0,0.03225,6.6134e-10,5.6746e-13,0,0.03225,0
0,0.032,6.6034e-10,2.0955e-13,0,0.032,0
0,0.03175,6.521e-10,3.8827e-13,0,0.03175,0
0,0.0315,6.5682e-10,-2.8137e-13,0,0.0315,0
0,0.03125,6.5905e-10,-5.8242e-13,0,0.03125,0
0,0.031,6.6006e-10,-4.2831e-13,0,0.031,0
0,0.03075,6.6019e-10,-1.4541e-13,0,0.03075,0
0,0.0305,6.6035e-10,9.7015e-14,0,0.0305,0
0,0.03025,6.6035e-10,4.4363e-13,0,0.03025,0
0,0.03,6.5982e-10,7.0105e-13,0,0.03,0
0,0.02975,6.5946e-10,9.6091e-13,0,0.02975,0
0,0.0295,6.5886e-10,5.5943e-13,0,0.0295,0
0,0.02925,6.6054e-10,5.4889e-13,0,0.02925,0
0,0.029,6.542e-10,1.026e-12,0,0.029,0
0,0.02875,6.5541e-10,-4.6363e-13,0,0.02875,0
0,0.0285,6.5247e-10,-1.1306e-12,0,0.0285,0
0,0.02825,6.6168e-10,-1.0543e-13,0,0.02825,0
0,0.028,6.5513e-10,-4.7239e-13,0,0.028,0
0,0.02775,6.5888e-10,-8.2168e-13,0,0.02775,0
0,0.0275,6.6041e-10,-4.9241e-13,0,0.0275,0
0,0.02725,6.6212e-10,3.719e-13,0,0.02725,0
0,0.027,6.609e-10,3.9501e-13,0,0.027,0
0,0.02675,6.6017e-10,2.3321e-14,0,0.02675,0
0,0.0265,6.521e-10,2.3092e-13,0,0.0265,0
0,0.02625,6.5682e-10,-3.8245e-13,0,0.02625,0
0,0.026,6.5893e-10,-6.4654e-13,0,0.026,0
0,0.02575,6.5963e-10,-5.9606e-13,0,0.02575,0
0,0.0255,6.6161e-10,-5.672e-13,0,0.0255,0
0,0.02525,6.7201e-10,-1.4765e-13,0,0.02525,0
0,0.025,6.5699e-10,1.0144e-12,0,0.025,0
0,0.02475,6.5864e-10,1.8213e-13,0,0.02475,0
0,0.0245,6.5953e-10,4.0302e-13,0,0.0245,0
0,0.02425,6.585e-10,4.1489e-13,0,0.02425,0
0,0.024,6.5468e-10,-3.5742e-13,0,0.024,0
0,0.02375,6.5496e-10,-7.1033e-14,0,0.02375,0
0,0.0235,6.642e-10,-2.151e-13,0,0.0235,0
0,0.02325,6.7465e-10,-8.8677e-13,0,0.02325,0
0,0.023,6.5146e-10,1.0088e-12,0,0.023,0
0,0.02275,6.5099e-10,-6.274e-13,0,0.02275,0
0,0.0225,6.7254e-10,9.1867e-13,0,0.0225,0
0,0.02225,6.6128e-10,1.2765e-12,0,0.02225,0
0,0.022,6.5393e-10,2.8856e-13,0,0.022,0
0,0.02175,6.5244e-10,-3.5609e-13,0,0.02175,0
0,0.0215,6.6768e-10,3.8379e-15,0,0.0215,0
0,0.02125,6.5504e-10,3.1829e-13,0,0.02125,0
0,0.021,6.5608e-10,2.9748e-13,0,0.021,0
0,0.02075,6.5785e-10,-2.9437e-13,0,0.02075,0
0,0.0205,6.6316e-10,-7.4032e-13,0,0.0205,0
0,0.02025,6.6099e-10,-9.1783e-13,0,0.02025,0
0,0.02,6.5454e-10,-5.5065e-13,0,0.02,0
0,0.01975,6.5491e-10,2.1384e-13,0,0.01975,0
0,0.0195,6.6105e-10,-4.6056e-13,0,0.0195,0
0,0.01925,6.6904e-10,-5.3367e-13,0,0.01925,0
0,0.019,6.5509e-10,7.4623e-13,0,0.019,0
0,0.01875,6.5824e-10,-3.5138e-13,0,0.01875,0
0,0.0185,6.599e-10,-7.0667e-14,0,0.0185,0
0,0.01825,6.5925e-10,2.9207e-13,0,0.01825,0
0,0.018,6.5518e-10,-8.1365e-14,0,0.018,0
0,0.01775,6.5417e-10,-3.0231e-13,0,0.01775,0
0,0.0175,6.7128e-10,1.2536e-12,0,0.0175,0
0,0.01725,6.5567e-10,-1.0791e-13,0,0.01725,0
0,0.017,6.5401e-10,-6.8007e-13,0,0.017,0
0,0.01675,6.6369e-10,-8.3574e-13,0,0.01675,0
0,0.0165,6.7449e-10,-1.3427e-12,0,0.0165,0
0,0.01625,6.5144e-10,7.1388e-13,0,0.01625,0
0,0.016,6.51e-10,-8.0216e-13,0,0.016,0
0,0.01575,6.7257e-10,8.1171e-13,0,0.01575,0
0,0.0155,6.6133e-10,1.2041e-12,0,0.0155,0
0,0.01525,6.5405e-10,2.2535e-13,0,0.01525,0
0,0.015,6.5266e-10,-4.1235e-13,0,0.015,0
0,0.01475,6.6789e-10,-4.8994e-14,0,0.01475,0
0,0.0145,6.5515e-10,2.7728e-13,0,0.0145,0
0,0.01425,6.5656e-10,3.2954e-13,0,0.01425,0
0,0.014,6.5789e-10,3.0922e-14,0,0.014,0
0,0.01375,6.5892e-10,-2.9648e-13,0,0.01375,0
0,0.0135,6.557e-10,-7.1581e-13,0,0.0135,0
0,0.01325,6.5504e-10,-6.7151e-13,0,0.01325,0
0,0.013,6.71e-10,1.1708e-12,0,0.013,0
0,0.01275,6.5481e-10,6.4544e-14,0,0.01275,0
0,0.0125,6.5519e-10,-7.5137e-13,0,0.0125,0
0,0.01225,6.7236e-10,5.287e-13,0,0.01225,0
0,0.012,6.561e-10,-1.8847e-13,0,0.012,0
0,0.01175,6.5213e-10,-9.6363e-13,0,0.01175,0
0,0.0115,6.7024e-10,7.5429e-13,0,0.0115,0
0,0.01125,6.5585e-10,-3.3232e-13,0,0.01125,0
0,0.011,6.5357e-10,-1.2062e-12,0,0.011,0
0,0.01075,6.7113e-10,5.9936e-13,0,0.01075,0
0,0.0105,6.5569e-10,-4.0289e-13,0,0.0105,0
0,0.01025,6.5333e-10,-1.1809e-12,0,0.01025,0
0,0.01,6.7088e-10,7.0615e-13,0,0.01,0
0,0.00975,6.5517e-10,-2.5352e-13,0,0.00975,0
0,0.0095,6.5217e-10,-1.1299e-12,0,0.0095,0
0,0.00925,6.6756e-10,-6.5746e-13,0,0.00925,0
0,0.009,6.5505e-10,-1.6622e-13,0,0.009,0
0,0.00875,6.5637e-10,1.7679e-14,0,0.00875,0
0,0.0085,6.5758e-10,-2.2641e-13,0,0.0085,0
0,0.00825,6.5836e-10,-4.497e-13,0,0.00825,0
0,0.008,6.5449e-10,-8.4441e-13,0,0.008,0
0,0.00775,6.5368e-10,-1.424e-12,0,0.00775,0
0,0.0075,6.7532e-10,5.1341e-13,0,0.0075,0
0,0.00725,6.6404e-10,-4.0522e-14,0,0.00725,0
0,0.007,6.545e-10,3.9701e-14,0,0.007,0
0,0.00675,6.5436e-10,1.9394e-13,0,0.00675,0
0,0.0065,6.5923e-10,-9.0274e-13,0,0.0065,0
0,0.00625,6.644e-10,-9.5941e-13,0,0.00625,0
0,0.006,6.7372e-10,-1.0481e-12,0,0.006,0
0,0.00575,6.524e-10,1.1603e-12,0,0.00575,0
0,0.0055,6.5658e-10,2.9483e-13,0,0.0055,0
0,0.00525,6.7015e-10,-3.5581e-13,0,0.00525,0
0,0.005,6.5604e-10,7.7684e-13,0,0.005,0
0,0.00475,6.5452e-10,-2.7e-13,0,0.00475,0
0,0.0045,6.5429e-10,-3.4823e-13,0,0.0045,0
0,0.00425,6.7141e-10,1.2713e-12,0,0.00425,0
0,0.004,6.5565e-10,-4.3683e-14,0,0.004,0
0,0.00375,6.5381e-10,-6.3241e-13,0,0.00375,0
0,0.0035,6.6347e-10,-8.7243e-13,0,0.0035,0
0,0.00325,6.7524e-10,-1.5581e-12,0,0.00325,0
0,0.003,6.539e-10,2.1815e-13,0,0.003,0
0,0.00275,6.5498e-10,-6.491e-13,0,0.00275,0
0,0.0025,6.5941e-10,-1.5309e-12,0,0.0025,0
0,0.00225,6.61e-10,-1.8457e-12,0,0.00225,0
0,0.002,6.615e-10,-2.0465e-12,0,0.002,0
0,0.00175,6.615e-10,-2.2605e-12,0,0.00175,0
0,0.0015,6.6126e-10,-1.9271e-12,0,0.0015,0
0,0.00125,6.6035e-10,1.6896e-13,0,0.00125,0
0,0.001,6.5531e-10,6.4701e-12,0,0.001,0
0,0.00075,6.3708e-10,2.1357e-11,0,0.00075,0
0,0.0005,5.9633e-10,4.6512e-11,0,0.0005,0
0,0.00025,4.2862e-10,7.2719e-11,0,0.00025,0
0.00049147,0.025184,2.942e-10,-5.9454e-13,0.00049147,0.025184,0
0.00049415,0.024189,2.923e-10,-3.939e-14,0.00049415,0.024189,0
0.00050463,0.026063,2.8442e-10,-1.1469e-13,0.00050463,0.026063,0
0.00056671,0.023442,2.3793e-10,2.5232e-13,0.00056671,0.023442,0
0.00051579,0.026897,2.7582e-10,-5.3104e-13,0.00051579,0.026897,0
0.00050396,0.027806,2.8531e-10,2.2648e-13,0.00050396,0.027806,0
0.00050313,0.022154,2.8528e-10,-3.6512e-13,0.00050313,0.022154,0
0.00053048,0.028669,2.6504e-10,-5.9116e-15,0.00053048,0.028669,0
0.00056455,0.021329,2.4082e-10,3.6192e-13,0.00056455,0.021329,0
0.0004362,0.029421,3.36e-10,1.9268e-13,0.0004362,0.029421,0
0.00052121,0.020444,2.7172e-10,5.1489e-13,0.00052121,0.020444,0
0.00050222,0.030324,2.8642e-10,1.9334e-14,0.00050222,0.030324,0
0.00040779,0.01913,3.5776e-10,-3.3063e-15,0.00040779,0.01913,0
0.00050544,0.031311,2.838e-10,5.0693e-14,0.00050544,0.031311,0
0.00049424,0.018195,2.9294e-10,3.6641e-15,0.00049424,0.018195,0
0.00048191,0.033063,3.0093e-10,1.0839e-12,0.00048191,0.033063,0
0.00051345,0.032146,2.7778e-10,-4.0455e-13,0.00051345,0.032146,0
0.00047222,0.01733,3.0943e-10,-5.1896e-13,0.00047222,0.01733,0
0.00056653,0.016692,2.3797e-10,1.9093e-13,0.00056653,0.016692,0
0.00049526,0.034341,2.9057e-10,-7.2988e-14,0.00049526,0.034341,0
0.00053032,0.035169,2.6544e-10,-6.5556e-14,0.00053032,0.035169,0
0.00050313,0.015404,2.8538e-10,-3.4464e-13,0.00050313,0.015404,0
0.00056349,0.014581,2.4191e-10,3.7904e-13,0.00056349,0.014581,0
0.00043576,0.035919,3.3698e-10,9.7339e-14,0.00043576,0.035919,0
0.00047635,0.036812,3.0506e-10,1.1206e-12,0.00047635,0.036812,0
0.00049538,0.013692,2.9212e-10,-8.7009e-14,0.00049538,0.013692,0
0.00039055,0.038102,3.6933e-10,3.8858e-14,0.00039055,0.038102,0
0.00053471,0.012043,2.6296e-10,-4.4063e-14,0.00053471,0.012043,0
0.00046933,0.01134,3.1205e-10,-7.1138e-13,0.00046933,0.01134,0
0.00050566,0.03943,2.8297e-10,2.6813e-13,0.00050566,0.03943,0
0.00049996,0.040336,2.8708e-10,-2.1331e-13,0.00049996,0.040336,0
0.00047046,0.0098324,3.1092e-10,-1.1611e-12,0.00047046,0.0098324,0
0.00047136,0.010586,3.1035e-10,-7.9456e-13,0.00047136,0.010586,0
0.00056306,0.0090819,2.4219e-10,1.2026e-13,0.00056306,0.0090819,0
0.00046524,0.041957,3.1358e-10,-3.0421e-13,0.00046524,0.041957,0
0.00052908,0.042659,2.6613e-10,-1.2594e-13,0.00052908,0.042659,0
0.00057323,0.0073036,2.3314e-10,-2.7709e-13,0.00057323,0.0073036,0
0.00047731,0.044192,3.0395e-10,-6.9944e-13,0.00047731,0.044192,0
0.0005262,0.043418,2.6814e-10,2.5465e-13,0.0005262,0.043418,0
0.00060759,0.0061473,2.11e-10,-3.7728e-13,0.00060759,0.0061473,0
0.00050388,0.045175,2.8464e-10,4.1844e-13,0.00050388,0.045175,0
0.00050133,0.046091,2.8645e-10,-5.4229e-13,0.00050133,0.046091,0
0.00047225,0.0040798,3.0942e-10,-6.0869e-13,0.00047225,0.0040798,0
0.00047968,0.0049261,3.0457e-10,3.3436e-13,0.00047968,0.0049261,0
0.00056869,0.003443,2.3623e-10,-4.4517e-14,0.00056869,0.003443,0
0.00043658,0.046918,3.3556e-10,-2.2413e-12,0.00043658,0.046918,0
0.0005044,0.047808,2.847e-10,-9.5842e-12,0.0005044,0.047808,0
0.00049503,0.0020606,2.9234e-10,-2.6858e-12,0.00049503,0.0020606,0
0.00052554,0.048668,2.6643e-10,-4.2155e-11,0.00052554,0.048668,0
0.00049924,0.0010727,2.8145e-10,-1.7134e-11,0.00049924,0.0010727,0
0.00047412,0.049401,2.9711e-10,-1.2753e-10,0.00047412,0.049401,0
0.00049717,0.0081943,2.8999e-10,-5.9528e-13,0.00049717,0.0081943,0
0.00055732,0.041156,2.4477e-10,-7.2367e-13,0.00055732,0.041156,0
0.00044265,0.012844,3.3068e-10,-6.0448e-13,0.00044265,0.012844,0
0.00050101,0.022601,2.8745e-10,5.9832e-13,0.00050101,0.022601,0
0.00053166,0.019613,2.636e-10,-2.893e-13,0.00053166,0.019613,0
0.00049899,0.033899,2.8958e-10,7.8836e-13,0.00049899,0.033899,0
0.00050101,0.015851,2.8753e-10,5.5805e-13,0.00050101,0.015851,0
0.00049104,0.037684,2.943e-10,7.0798e-13,0.00049104,0.037684,0
0.00050394,0.038944,2.8444e-10,-2.6183e-15,0.00050394,0.038944,0
0.00050749,0.0065682,2.8194e-10,7.308e-13,0.00050749,0.0065682,0
0.00053082,0.0054243,2.6667e-10,4.9107e-13,0.00053082,0.0054243,0
0.0004965,0.00255,2.9108e-10,-7.6578e-13,0.0004965,0.00255,0
0.00050039,0.00060821,2.3108e-10,-4.7878e-11,0.00050039,0.00060821,0
0.00049931,0.024681,2.8775e-10,2.8941e-13,0.00049931,0.024681,0
0.00049042,0.027347,2.9511e-10,-4.6199e-14,0.00049042,0.027347,0
0.00050331,0.030818,2.8524e-10,1.2163e-13,0.00050331,0.030818,0
0.00049544,0.025607,2.9087e-10,-9.9385e-14,0.00049544,0.025607,0
0.00050126,0.044681,2.8725e-10,-4.1729e-14,0.00050126,0.044681,0
0.00051411,0.020892,2.7595e-10,4.8314e-13,0.00051411,0.020892,0
0.00048937,0.029863,2.9594e-10,1.2198e-14,0.00048937,0.029863,0
0.00050784,0.014144,2.8117e-10,1.2998e-13,0.00050784,0.014144,0
0.00049005,0.018679,2.9511e-10,8.0778e-13,0.00049005,0.018679,0
0.00049216,0.047356,2.9377e-10,-4.4387e-12,0.00049216,0.047356,0
0.00049669,0.0015712,2.9128e-10,-6.3491e-12,0.00049669,0.0015712,0
0.00048639,0.03636,2.9886e-10,4.1182e-13,0.00048639,0.03636,0
0.00049587,0.039917,2.9067e-10,-2.668e-13,0.00049587,0.039917,0
0.00049531,0.045667,2.9116e-10,-4.731e-13,0.00049531,0.045667,0
0.00050791,0.0086437,2.8085e-10,-2.1716e-13,0.00050791,0.0086437,0
0.0004888,0.0326,2.9679e-10,2.9994e-13,0.0004888,0.0326,0
0.00062423,0.023679,1.9744e-10,6.917e-13,0.00062423,0.023679,0
0.000393,0.026581,3.6794e-10,1.268e-13,0.000393,0.026581,0
0.00035929,0.02828,3.9454e-10,3.8769e-13,0.00035929,0.02828,0
0.00061039,0.021656,2.0698e-10,7.851e-13,0.00061039,0.021656,0
0.00039287,0.029089,3.6824e-10,5.9979e-13,0.00039287,0.029089,0
0.00039264,0.031831,3.6824e-10,2.101e-13,0.00039264,0.031831,0
0.00062252,0.016933,1.9803e-10,9.6617e-13,0.00062252,0.016933,0
0.00064117,0.01772,1.8842e-10,3.9355e-13,0.00064117,0.01772,0
0.00035844,0.034782,3.9521e-10,5.8249e-13,0.00035844,0.034782,0
0.00061023,0.014907,2.0734e-10,8.4638e-13,0.00061023,0.014907,0
0.00039269,0.035589,3.688e-10,5.2227e-13,0.00039269,0.035589,0
0.00058682,0.011758,2.2513e-10,-8.3961e-14,0.00058682,0.011758,0
0.00063796,0.010972,1.906e-10,8.3176e-13,0.00063796,0.010972,0
0.00063847,0.010222,1.8992e-10,7.4202e-13,0.00063847,0.010222,0
0.00060755,0.0094116,2.0894e-10,8.2075e-13,0.00060755,0.0094116,0
0.00036092,0.043028,3.9324e-10,8.3296e-13,0.00036092,0.043028,0
0.00041291,0.042242,3.5255e-10,4.5559e-13,0.00041291,0.042242,0
0.00031942,0.043772,4.2607e-10,1.3675e-12,0.00031942,0.043772,0
0.00062286,0.0036832,1.9761e-10,7.221e-13,0.00062286,0.0036832,0
0.00064042,0.0044694,1.8887e-10,5.1457e-13,0.00064042,0.0044694,0
0.00038994,0.046593,3.7047e-10,-1.1272e-12,0.00038994,0.046593,0
0.00035862,0.04828,3.9236e-10,-2.1251e-11,0.00035862,0.04828,0
0.00036602,0.040786,3.8933e-10,1.1036e-13,0.00036602,0.040786,0
0.00066284,0.0077465,1.7329e-10,-2.9435e-13,0.00066284,0.0077465,0
0.0006337,0.013216,1.9467e-10,6.8198e-14,0.0006337,0.013216,0
0.00031889,0.049021,4.1352e-10,-7.0086e-11,0.00031889,0.049021,0
0.00063649,0.012548,1.9139e-10,5.1334e-13,0.00063649,0.012548,0
0.00036351,0.041452,3.9096e-10,3.9211e-13,0.00036351,0.041452,0
0.00060304,0.0057119,2.1366e-10,6.955e-13,0.00060304,0.0057119,0
0.00066244,0.0030053,1.7357e-10,-3.8438e-13,0.00066244,0.0030053,0
0.00063442,0.0070556,1.9106e-10,-5.5078e-13,0.00063442,0.0070556,0
0.00033804,0.038495,4.1113e-10,2.1084e-13,0.00033804,0.038495,0
0.00031575,0.037227,4.295e-10,-3.8486e-13,0.00031575,0.037227,0
0.0003863,0.033534,3.7241e-10,-3.5572e-13,0.0003863,0.033534,0
0.0005965,0.016203,2.1734e-10,7.1236e-13,0.0005965,0.016203,0
0.00062142,0.019972,2.0012e-10,-2.4986e-13,0.00062142,0.019972,0
0.0005965,0.022953,2.1727e-10,7.6605e-13,0.0005965,0.022953,0
0.00063668,0.049595,1.9812e-10,-1.7432e-10,0.00063668,0.049595,0
0.00032855,0.049631,4.0052e-10,-1.5786e-10,0.00032855,0.049631,0
0.00035498,0.00040465,2.7832e-10,-5.584e-11,0.00035498,0.00040465,0
0.00066937,0.00037821,6.964e-11,-6.0662e-11,0.00066937,0.00037821,0
0.00029534,0.0030445,4.4361e-10,-2.2178e-12,0.00029534,0.0030445,0
0.00027474,0.0057979,4.5965e-10,-9.4409e-13,0.00027474,0.0057979,0
0.00029731,0.0071265,4.4165e-10,-1.328e-12,0.00029731,0.0071265,0
0.00070403,0.038456,1.4461e-10,7.3057e-13,0.00070403,0.038456,0
0.00070535,0.037106,1.4574e-10,-1.5668e-13,0.00070535,0.037106,0
0.00026846,0.016297,4.6386e-10,-2.3457e-12,0.00026846,0.016297,0
0.00072778,0.033355,1.3082e-10,-1.9018e-13,0.00072778,0.033355,0
0.00027545,0.020147,4.5992e-10,-4.7727e-13,0.00027545,0.020147,0
0.00026847,0.023047,4.6383e-10,-2.1193e-12,0.00026847,0.023047,0
0.00029306,0.02362,4.4534e-10,1.1353e-12,0.00029306,0.02362,0
0.00073496,0.026643,1.2639e-10,-1.5715e-13,0.00073496,0.026643,0
0.00071746,0.028299,1.3665e-10,-4.8394e-14,0.00071746,0.028299,0
0.00026862,0.021671,4.6419e-10,1.1634e-12,0.00026862,0.021671,0
0.00073335,0.02908,1.2588e-10,-6.8046e-13,0.00073335,0.02908,0
0.00028088,0.013201,4.5681e-10,9.5632e-13,0.00028088,0.013201,0
0.00073474,0.031891,1.2652e-10,-4.9188e-14,0.00073474,0.031891,0
0.00028278,0.017701,4.5428e-10,1.2723e-12,0.00028278,0.017701,0
0.00029303,0.016868,4.4511e-10,4.286e-13,0.00029303,0.016868,0
0.0007159,0.034801,1.3749e-10,-4.7964e-13,0.0007159,0.034801,0
0.0002684,0.014922,4.6463e-10,1.1743e-12,0.0002684,0.014922,0
0.0007332,0.03558,1.2637e-10,-8.2087e-13,0.0007332,0.03558,0
0.00071829,0.0408,1.3597e-10,-6.0173e-13,0.00071829,0.0408,0
0.00035301,0.012464,3.9801e-10,-2.3904e-13,0.00035301,0.012464,0
0.00026374,0.011694,4.6856e-10,8.0111e-13,0.00026374,0.011694,0
0.00028204,0.010947,4.5501e-10,4.348e-13,0.00028204,0.010947,0
0.00028228,0.010197,4.5462e-10,3.3054e-13,0.00028228,0.010197,0
0.00026674,0.00942,4.6591e-10,3.721e-13,0.00026674,0.00942,0
0.00064699,0.041536,1.8142e-10,-3.2762e-13,0.00064699,0.041536,0
0.00073604,0.042305,1.254e-10,-6.255e-13,0.00073604,0.042305,0
0.00029633,0.0077064,4.4263e-10,1.2334e-12,0.00029633,0.0077064,0
0.00071747,0.043053,1.3662e-10,-8.2955e-13,0.00071747,0.043053,0
0.00070663,0.043897,1.4468e-10,-3.9344e-14,0.00070663,0.043897,0
0.00073146,0.046578,1.2705e-10,-1.4486e-12,0.00073146,0.046578,0
0.00029373,0.003618,4.4428e-10,4.5163e-13,0.00029373,0.003618,0
0.00028238,0.0044501,4.5477e-10,1.3253e-12,0.00028238,0.0044501,0
0.00071633,0.048299,1.389e-10,-2.3441e-11,0.00071633,0.048299,0
0.00070105,0.049141,1.5155e-10,-9.363e-11,0.00070105,0.049141,0
0.00024957,0.020692,4.7937e-10,4.5096e-13,0.00024957,0.020692,0
0.00075757,0.030064,1.135e-10,-6.8219e-15,0.00075757,0.030064,0
0.00074175,0.032805,1.229e-10,-1.5693e-13,0.00074175,0.032805,0
0.00075023,0.036561,1.178e-10,5.8135e-13,0.00075023,0.036561,0
0.00067796,0.040085,1.6273e-10,-4.8914e-13,0.00067796,0.040085,0
0.00024813,0.024934,4.7995e-10,-3.6964e-13,0.00024813,0.024934,0
0.00075399,0.04495,1.1564e-10,1.2391e-13,0.00075399,0.04495,0
0.00067687,0.045836,1.6367e-10,-7.5188e-13,0.00067687,0.045836,0
0.00024733,0.0013012,4.8251e-10,-4.6072e-12,0.00024733,0.0013012,0
0.00059227,0.047094,2.2139e-10,-3.1719e-12,0.00059227,0.047094,0
0.00040756,0.0089063,3.5703e-10,-1.8046e-13,0.00040756,0.0089063,0
0.0005885,0.036097,2.2474e-10,-2.6793e-13,0.0005885,0.036097,0
0.00040775,0.014406,3.5695e-10,1.7733e-13,0.00040775,0.014406,0
0.00063475,0.032385,1.9374e-10,-4.2311e-13,0.00063475,0.032385,0
0.00058988,0.029598,2.2306e-10,-3.0371e-13,0.00058988,0.029598,0
0.00041091,0.021153,3.5398e-10,2.712e-13,0.00041091,0.021153,0
0.00063843,0.027135,1.9091e-10,-5.4518e-13,0.00063843,0.027135,0
0.0006402,0.025399,1.8913e-10,-3.2277e-13,0.0006402,0.025399,0
0.00033301,0.022386,4.1617e-10,-5.0087e-13,0.00033301,0.022386,0
0.00031469,0.019338,4.2997e-10,1.9134e-13,0.00031469,0.019338,0
0.00066667,0.034113,1.7175e-10,-5.7186e-13,0.00066667,0.034113,0
0.00033301,0.015636,4.1623e-10,-5.3716e-13,0.00033301,0.015636,0
0.0007156,0.022393,1.402e-10,3.2795e-13,0.0007156,0.022393,0
0.00071853,0.037941,1.3684e-10,1.5317e-12,0.00071853,0.037941,0
0.00077428,0.019514,1.0337e-10,-1.3744e-12,0.00077428,0.019514,0
0.00075446,0.039208,1.1487e-10,-1.558e-13,0.00075446,0.039208,0
0.00028436,0.034107,4.5271e-10,-6.9791e-14,0.00028436,0.034107,0
0.0007156,0.015643,1.4029e-10,3.5407e-13,0.0007156,0.015643,0
0.00022873,0.037927,4.9411e-10,-8.789e-13,0.00022873,0.037927,0
0.00025137,0.039208,4.7797e-10,2.8711e-13,0.00025137,0.039208,0
0.00028057,0.0063092,4.5657e-10,1.2052e-12,0.00028057,0.0063092,0
0.00024358,0.0051055,4.8523e-10,-1.0233e-12,0.00024358,0.0051055,0
0.00077085,0.006323,1.0447e-10,-1.3548e-13,0.00077085,0.006323,0
0.00069892,0.0051352,1.5139e-10,-2.2219e-13,0.00069892,0.0051352,0
0.00024562,0.0022866,4.8381e-10,-1.2229e-12,0.00024562,0.0022866,0
0.00074919,0.0022863,1.1878e-10,-2.2708e-12,0.00074919,0.0022863,0
0.00074531,0.00080326,8.6169e-11,-3.685e-11,0.00074531,0.00080326,0
0.00025421,0.00080575,4.6063e-10,-1.2092e-11,0.00025421,0.00080575,0
0.00075065,0.02446,1.1725e-10,1.4406e-13,0.00075065,0.02446,0
0.00075807,0.02495,1.1323e-10,-4.623e-13,0.00075807,0.02495,0
0.00032315,0.025375,4.2294e-10,5.5334e-13,0.00032315,0.025375,0
0.00025041,0.025798,4.7893e-10,6.0639e-13,0.00025041,0.025798,0
0.00029012,0.027072,4.4868e-10,-3.4322e-14,0.00029012,0.027072,0
0.00024874,0.027544,4.8102e-10,6.6191e-13,0.00024874,0.027544,0
0.00073215,0.021121,1.2959e-10,4.9627e-13,0.00073215,0.021121,0
0.00026797,0.029628,4.656e-10,6.7599e-13,0.00026797,0.029628,0
0.00075826,0.020705,1.1257e-10,8.4404e-13,0.00075826,0.020705,0
0.00024831,0.030055,4.812e-10,7.8034e-13,0.00024831,0.030055,0
0.00025017,0.030548,4.7953e-10,1.4924e-13,0.00025017,0.030548,0
0.0002503,0.031042,4.7903e-10,1.5754e-13,0.0002503,0.031042,0
0.00072699,0.018954,1.331e-10,3.9977e-13,0.00072699,0.018954,0
0.00024521,0.032796,4.8411e-10,6.1015e-13,0.00024521,0.032796,0
0.00029147,0.032322,4.4799e-10,7.357e-14,0.00029147,0.032322,0
0.00074891,0.01846,1.1885e-10,2.5856e-13,0.00074891,0.01846,0
0.00024274,0.036549,4.8585e-10,6.0851e-13,0.00024274,0.036549,0
0.00073175,0.01438,1.3019e-10,5.6909e-13,0.00073175,0.01438,0
0.00075088,0.013951,1.1767e-10,1.0352e-12,0.00075088,0.013951,0
0.00026814,0.03612,4.6629e-10,4.2305e-13,0.00026814,0.03612,0
0.0003273,0.040111,4.1905e-10,7.0817e-13,0.0003273,0.040111,0
0.00025173,0.039686,4.7738e-10,-3.1392e-13,0.00025173,0.039686,0
0.00073175,0.0088797,1.3004e-10,3.2502e-13,0.00073175,0.0088797,0
0.00024508,0.044459,4.8347e-10,5.6435e-13,0.00024508,0.044459,0
0.00032731,0.045862,4.1933e-10,4.5519e-13,0.00032731,0.045862,0
0.00025036,0.044953,4.796e-10,5.4134e-13,0.00025036,0.044953,0
0.00074812,0.001795,1.194e-10,-6.1892e-12,0.00074812,0.001795,0
0.00025063,0.045435,4.7823e-10,-4.3057e-13,0.00025063,0.045435,0
0.00026825,0.04712,4.6516e-10,-2.8003e-12,0.00026825,0.04712,0
0.00024909,0.047549,4.7949e-10,-5.7094e-12,0.00024909,0.047549,0
0.00075009,0.0012975,1.1384e-10,-1.6101e-11,0.00075009,0.0012975,0
0.00075121,0.0084517,1.1696e-10,6.4474e-13,0.00075121,0.0084517,0
0.00022136,0.012717,5.0082e-10,-8.3297e-13,0.00022136,0.012717,0
0.00077864,0.041283,9.8686e-11,-1.3884e-12,0.00077864,0.041283,0
0.00021772,0.0079794,5.0341e-10,7.8413e-14,0.00021772,0.0079794,0
0.00021477,0.013478,5.0702e-10,5.3566e-13,0.00021477,0.013478,0
0.00077954,0.040529,9.8304e-11,-4.6966e-13,0.00077954,0.040529,0
0.0002236,0.017193,4.9908e-10,-8.758e-13,0.0002236,0.017193,0
0.00078098,0.03453,9.7594e-11,-7.3386e-13,0.00078098,0.03453,0
0.00022367,0.0039426,4.9897e-10,-9.1585e-13,0.00022367,0.0039426,0
0.00021567,0.015213,5.0469e-10,2.1068e-13,0.00021567,0.015213,0
0.00078481,0.048022,9.8075e-11,-1.4377e-11,0.00078481,0.048022,0
0.0007825,0.046285,9.6448e-11,-9.1874e-13,0.0007825,0.046285,0
0.00078068,0.0288,9.7678e-11,-1.1366e-12,0.00078068,0.0288,0
0.0002172,0.011945,5.0492e-10,-6.0938e-13,0.0002172,0.011945,0
0.00078061,0.0353,9.801e-11,-1.335e-12,0.00078061,0.0353,0
0.00021386,0.023962,5.065e-10,8.541e-13,0.00021386,0.023962,0
0.00021967,0.0097003,5.0206e-10,-1.1883e-12,0.00021967,0.0097003,0
0.00078831,0.031537,9.3257e-11,1.1944e-13,0.00078831,0.031537,0
0.00078633,0.028023,9.5251e-11,4.4683e-13,0.00078633,0.028023,0
0.00078795,0.02629,9.338e-11,-1.5098e-13,0.00078795,0.02629,0
0.00077756,0.042792,1.0004e-10,-1.2317e-12,0.00077756,0.042792,0
0.00078276,0.042055,9.7296e-11,-4.3746e-13,0.00078276,0.042055,0
0.00021569,0.021963,5.0454e-10,2.1265e-13,0.00021569,0.021963,0
0.0002219,0.011208,5.011e-10,-8.6e-13,0.0002219,0.011208,0
0.00021338,0.017977,5.0755e-10,8.0811e-13,0.00021338,0.017977,0
0.00021177,0.0047235,5.0858e-10,1.0238e-12,0.00021177,0.0047235,0
0.00022264,0.010457,5.004e-10,-1.1118e-12,0.00022264,0.010457,0
0.00077363,0.048807,1.0672e-10,-5.8396e-11,0.00077363,0.048807,0
0.00077465,0.043557,1.008e-10,-1.4236e-12,0.00077465,0.043557,0
0.00021693,0.0027704,5.0434e-10,-1.3474e-12,0.00021693,0.0027704,0
0.00021627,0.0055473,5.0599e-10,5.3757e-13,0.00021627,0.0055473,0
0.00021852,0.0067871,5.0241e-10,-5.3946e-13,0.00021852,0.0067871,0
0.00078283,0.038727,9.6709e-11,-3.0011e-13,0.00078283,0.038727,0
0.00078047,0.037463,9.7512e-11,4.2343e-13,0.00078047,0.037463,0
0.00019752,0.016047,5.1834e-10,-7.8245e-14,0.00019752,0.016047,0
0.00080133,0.033688,8.493e-11,-1.2138e-12,0.00080133,0.033688,0
0.00020497,0.019799,5.1391e-10,-3.9759e-13,0.00020497,0.019799,0
0.00019752,0.022797,5.183e-10,8.2721e-14,0.00019752,0.022797,0
0.00076775,0.023964,1.0742e-10,-3.2182e-13,0.00076775,0.023964,0
0.00072601,0.023531,1.3125e-10,-4.3069e-13,0.00072601,0.023531,0
0.00023306,0.026283,4.9142e-10,-9.379e-14,0.00023306,0.026283,0
0.0002982,0.026744,4.4086e-10,-3.0329e-13,0.0002982,0.026744,0
0.00023292,0.028017,4.9209e-10,-7.5116e-13,0.00023292,0.028017,0
0.00076719,0.021959,1.0692e-10,5.3699e-13,0.00076719,0.021959,0
0.00039884,0.028566,3.6277e-10,4.6686e-13,0.00039884,0.028566,0
0.0007179,0.021485,1.3698e-10,-1.925e-13,0.0007179,0.021485,0
0.00024373,0.028738,4.8229e-10,4.7866e-13,0.00024373,0.028738,0
0.00028313,0.029264,4.54e-10,2.4372e-13,0.00028313,0.029264,0
0.0002332,0.031533,4.9127e-10,-4.2871e-14,0.0002332,0.031533,0
0.0002978,0.031994,4.4131e-10,-2.1758e-13,0.0002978,0.031994,0
0.00076693,0.017983,1.0707e-10,-1.3431e-13,0.00076693,0.017983,0
0.00075899,0.017262,1.133e-10,3.8701e-13,0.00075899,0.017262,0
0.00060241,0.017433,2.1336e-10,6.1955e-13,0.00060241,0.017433,0
0.00072558,0.016783,1.3125e-10,-6.4644e-14,0.00072558,0.016783,0
0.00039857,0.035066,3.6322e-10,5.2624e-13,0.00039857,0.035066,0
0.00023243,0.034524,4.9207e-10,-1.7606e-13,0.00023243,0.034524,0
0.00024362,0.035238,4.8263e-10,5.7163e-13,0.00024362,0.035238,0
0.0007672,0.015209,1.0706e-10,6.0748e-13,0.0007672,0.015209,0
0.00071764,0.014736,1.3745e-10,-8.0386e-14,0.00071764,0.014736,0
0.00028298,0.035762,4.5462e-10,1.1478e-13,0.00028298,0.035762,0
0.00070684,0.011937,1.4468e-10,3.9979e-13,0.00070684,0.011937,0
0.00060236,0.011451,2.1438e-10,5.1231e-13,0.00060236,0.011451,0
0.00076099,0.011265,1.1096e-10,3.7696e-13,0.00076099,0.011265,0
0.00076623,0.013482,1.0771e-10,4.2033e-13,0.00076623,0.013482,0
0.00075788,0.009763,1.1373e-10,4.4268e-13,0.00075788,0.009763,0
0.00060105,0.0099345,2.1433e-10,3.7431e-13,0.00060105,0.0099345,0
0.00060151,0.010686,2.1442e-10,6.8056e-13,0.00060151,0.010686,0
0.00075648,0.010523,1.1386e-10,4.9728e-13,0.00075648,0.010523,0
0.00071686,0.009238,1.3784e-10,-2.2353e-14,0.00071686,0.009238,0
0.00071075,0.01228,1.4336e-10,-3.3531e-13,0.00071075,0.01228,0
0.00029312,0.042063,4.4582e-10,2.1426e-13,0.00029312,0.042063,0
0.00023348,0.042731,4.9084e-10,-1.1194e-13,0.00023348,0.042731,0
0.00023498,0.040524,4.8971e-10,-6.3309e-13,0.00023498,0.040524,0
0.00039602,0.042548,3.6485e-10,2.0992e-13,0.00039602,0.042548,0
0.00039694,0.043315,3.644e-10,7.962e-13,0.00039694,0.043315,0
0.0002095,0.043999,5.0846e-10,1.58e-12,0.0002095,0.043999,0
0.00028925,0.04172,4.4881e-10,-5.0605e-13,0.00028925,0.04172,0
0.00023857,0.043475,4.8649e-10,9.0387e-13,0.00023857,0.043475,0
0.00073165,0.0075109,1.2819e-10,5.5806e-13,0.00073165,0.0075109,0
0.00023429,0.04629,4.8978e-10,-3.0871e-13,0.00023429,0.04629,0
0.00075904,0.0040117,1.132e-10,2.155e-13,0.00075904,0.0040117,0
0.00072603,0.0035334,1.3077e-10,-5.2379e-13,0.00072603,0.0035334,0
0.00060236,0.0041829,2.134e-10,5.3577e-13,0.00060236,0.0041829,0
0.00076276,0.0047301,1.0951e-10,2.46e-13,0.00076276,0.0047301,0
0.00028248,0.046764,4.5408e-10,-2.1104e-12,0.00028248,0.046764,0
0.00023265,0.048017,4.8976e-10,-1.4906e-11,0.00023265,0.048017,0
0.00039623,0.048565,3.6039e-10,-3.4658e-11,0.00039623,0.048565,0
0.00023819,0.048726,4.7667e-10,-4.4744e-11,0.00023819,0.048726,0
0.00021384,0.049241,4.8294e-10,-9.5063e-11,0.00021384,0.049241,0
0.00077112,0.0079887,1.0421e-10,-2.5159e-13,0.00077112,0.0079887,0
0.00043502,0.041072,3.3508e-10,1.7455e-13,0.00043502,0.041072,0
0.00038758,0.041243,3.7095e-10,6.1982e-13,0.00038758,0.041243,0
0.00056492,0.012929,2.4133e-10,5.4817e-13,0.00056492,0.012929,0
0.0006124,0.012757,2.0723e-10,9.6637e-13,0.0006124,0.012757,0
0.0006998,0.022764,1.4914e-10,-4.7152e-14,0.0006998,0.022764,0
0.00071887,0.019783,1.3704e-10,-1.0174e-12,0.00071887,0.019783,0
0.00029682,0.033733,4.4293e-10,-6.9838e-13,0.00029682,0.033733,0
0.0006998,0.016014,1.4922e-10,-5.1069e-14,0.0006998,0.016014,0
0.00022422,0.037481,4.9882e-10,2.4058e-13,0.00022422,0.037481,0
0.00022984,0.038737,4.9363e-10,8.6965e-13,0.00022984,0.038737,0
0.0007756,0.006776,1.0116e-10,-2.6012e-13,0.0007756,0.006776,0
0.00070617,0.0055302,1.449e-10,-4.0151e-13,0.00070617,0.0055302,0
0.00077058,0.0027608,1.0465e-10,-5.9955e-13,0.00077058,0.0027608,0
0.00078569,0.020236,9.6977e-11,-5.7113e-13,0.00078569,0.020236,0
0.00021692,0.033269,5.0253e-10,-9.3983e-14,0.00021692,0.033269,0
0.00020869,0.037002,5.0944e-10,-5.0495e-13,0.00020869,0.037002,0
0.00027494,0.038267,4.5971e-10,-1.8642e-13,0.00027494,0.038267,0
0.00071982,0.005968,1.3696e-10,2.9491e-13,0.00071982,0.005968,0
0.00073358,0.0032444,1.2674e-10,-8.52e-13,0.00073358,0.0032444,0
0.00073383,0.0072072,1.2601e-10,4.69e-13,0.00073383,0.0072072,0
0.00073358,0.016494,1.2832e-10,-2.0697e-13,0.00073358,0.016494,0
0.00073358,0.023244,1.2836e-10,-2.6631e-13,0.00073358,0.023244,0
0.00069665,0.04941,1.6198e-10,-1.4119e-10,0.00069665,0.04941,0
0.00035282,0.0033597,3.9966e-10,-3.6016e-13,0.00035282,0.0033597,0
0.000355,0.007389,3.9797e-10,-4.0245e-13,0.000355,0.007389,0
0.00034744,0.016608,4.0449e-10,-6.0352e-13,0.00034744,0.016608,0
0.00034753,0.023359,4.0448e-10,-2.6088e-13,0.00034753,0.023359,0
0.00077378,0.026924,1.0487e-10,-2.0294e-12,0.00077378,0.026924,0
0.00025008,0.021315,4.7889e-10,-9.5586e-13,0.00025008,0.021315,0
0.00075051,0.029436,1.1596e-10,-6.9741e-13,0.00075051,0.029436,0
0.00077233,0.032171,1.0594e-10,-2.0085e-12,0.00077233,0.032171,0
0.00024831,0.014567,4.8074e-10,-9.6599e-13,0.00024831,0.014567,0
0.00074968,0.035935,1.1698e-10,-7.5444e-13,0.00074968,0.035935,0
0.00024792,0.0090668,4.8101e-10,-1.4139e-12,0.00024792,0.0090668,0
0.00073377,0.044201,1.2911e-10,-9.5794e-13,0.00073377,0.044201,0
0.0007517,0.046933,1.1554e-10,-2.7336e-12,0.0007517,0.046933,0
0.00073315,0.036802,1.3003e-10,7.9169e-13,0.00073315,0.036802,0
0.00073772,0.033051,1.2672e-10,5.8211e-13,0.00073772,0.033051,0
0.00026287,0.020452,4.7026e-10,-3.8511e-14,0.00026287,0.020452,0
0.00035477,0.0060911,3.9855e-10,7.1575e-13,0.00035477,0.0060911,0
0.00064041,0.038157,1.8802e-10,8.0823e-13,0.00064041,0.038157,0
0.00075455,0.0452,1.1572e-10,7.365e-14,0.00075455,0.0452,0
0.00075358,0.0303,1.1611e-10,-2.2962e-13,0.00075358,0.0303,0
0.00024961,0.0010477,4.7681e-10,-6.8002e-12,0.00024961,0.0010477,0
0.00024555,0.0020391,4.8423e-10,-2.082e-12,0.00024555,0.0020391,0
0.00075557,0.039454,1.1479e-10,-2.1322e-13,0.00075557,0.039454,0
0.00023018,0.019091,4.9425e-10,-1.1768e-12,0.00023018,0.019091,0
0.00071945,0.00058142,7.3788e-11,-4.9459e-11,0.00071945,0.00058142,0
0.00028375,0.00058567,4.0037e-10,-3.0378e-11,0.00028375,0.00058567,0
0.00077613,0.025185,1.0196e-10,-6.3428e-13,0.00077613,0.025185,0
0.00025564,0.025111,4.754e-10,-9.417e-13,0.00025564,0.025111,0
0.00067769,0.019251,1.6459e-10,-1.8934e-13,0.00067769,0.019251,0
0.0002523,0.039455,4.773e-10,6.7114e-13,0.0002523,0.039455,0
0.00074797,0.0020382,1.195e-10,-3.7921e-12,0.00074797,0.0020382,0
0.00074937,0.0010452,1.0453e-10,-2.5334e-11,0.00074937,0.0010452,0
0.00075173,0.024708,1.1683e-10,-1.4084e-13,0.00075173,0.024708,0
0.00026083,0.02557,4.7116e-10,1.0036e-12,0.00026083,0.02557,0
0.00025384,0.027308,4.7744e-10,5.7908e-13,0.00025384,0.027308,0
0.00025081,0.030792,4.7883e-10,3.4157e-14,0.00025081,0.030792,0
0.00024791,0.029825,4.812e-10,9.2267e-13,0.00024791,0.029825,0
0.00075468,0.020929,1.1485e-10,1.4583e-12,0.00075468,0.020929,0
0.00024601,0.036321,4.836e-10,6.9514e-13,0.00024601,0.036321,0
0.00075099,0.01418,1.1768e-10,1.5291e-12,0.00075099,0.01418,0
0.00074283,0.018707,1.2224e-10,2.0049e-13,0.00074283,0.018707,0
0.00025299,0.03256,4.7865e-10,7.0846e-13,0.00025299,0.03256,0
0.00025232,0.039851,4.7798e-10,-1.0004e-12,0.00025232,0.039851,0
0.00074893,0.0015439,1.1798e-10,-1.0093e-11,0.00074893,0.0015439,0
0.00075107,0.0086798,1.1736e-10,1.2112e-12,0.00075107,0.0086798,0
0.00025166,0.045601,4.7852e-10,-1.1507e-12,0.00025166,0.045601,0
0.00024927,0.044708,4.8073e-10,5.2617e-13,0.00024927,0.044708,0
0.000249,0.04732,4.7991e-10,-3.7384e-12,0.000249,0.04732,0
0.00024772,0.024703,4.8053e-10,5.16e-13,0.00024772,0.024703,0
0.00024652,0.0015464,4.8378e-10,-3.6298e-12,0.00024652,0.0015464,0
0.00079139,0.047349,9.4389e-11,-4.6506e-12,0.00079139,0.047349,0
0.00079832,0.045628,8.9721e-11,-7.952e-13,0.00079832,0.045628,0
0.00075176,0.044704,1.1686e-10,-9.6076e-14,0.00075176,0.044704,0
0.00020866,0.008651,5.1211e-10,-9.6184e-13,0.00020866,0.008651,0
0.00079858,0.039878,8.9452e-11,-7.3444e-13,0.00079858,0.039878,0
0.00078323,0.036366,9.9245e-11,-1.9234e-13,0.00078323,0.036366,0
0.00020856,0.014151,5.1242e-10,-5.931e-13,0.00020856,0.014151,0
0.00071122,0.03258,1.4342e-10,-6.2029e-13,0.00071122,0.03258,0
0.00024135,0.0187,4.8571e-10,2.7385e-13,0.00024135,0.0187,0
0.00075395,0.030795,1.1555e-10,1.3679e-13,0.00075395,0.030795,0
0.00078647,0.029865,9.6932e-11,-4.8342e-13,0.00078647,0.029865,0
0.00021364,0.020885,5.0779e-10,-4.8539e-13,0.00021364,0.020885,0
0.00071381,0.02733,1.4137e-10,-6.9673e-13,0.00071381,0.02733,0
0.00071561,0.025585,1.3996e-10,-6.9992e-13,0.00071561,0.025585,0
0.00025108,0.045202,4.7846e-10,6.4009e-13,0.00025108,0.045202,0
0.00025001,0.030297,4.7986e-10,3.2509e-13,0.00025001,0.030297,0
0.00069534,0.028606,1.5189e-10,-5.1624e-13,0.00069534,0.028606,0
0.00030653,0.017392,4.3465e-10,-1.3557e-12,0.00030653,0.017392,0
0.00069506,0.035106,1.523e-10,-7.1296e-13,0.00069506,0.035106,0
0.00032286,0.012138,4.2228e-10,-8.7418e-13,0.00032286,0.012138,0
0.00030209,0.0114,4.3901e-10,-1.2391e-12,0.00030209,0.0114,0
0.00069719,0.042599,1.5125e-10,-5.5857e-13,0.00069719,0.042599,0
0.00067712,0.041862,1.6286e-10,1.759e-13,0.00067712,0.041862,0
0.00030494,0.0098942,4.3615e-10,-1.8392e-12,0.00030494,0.0098942,0
0.0003059,0.010647,4.3576e-10,-1.6915e-12,0.0003059,0.010647,0
0.00030651,0.0041423,4.3474e-10,-1.3898e-12,0.00030651,0.0041423,0
0.00069244,0.043357,1.5396e-10,-8.8601e-13,0.00069244,0.043357,0
0.00069176,0.048607,1.5617e-10,-4.05e-11,0.00069176,0.048607,0
0.00029469,0.012903,4.4463e-10,-1.4407e-12,0.00029469,0.012903,0
0.00070521,0.041097,1.4574e-10,-8.7515e-13,0.00070521,0.041097,0
0.00024064,0.013712,4.8674e-10,-1.2271e-13,0.00024064,0.013712,0
0.00072712,0.040312,1.3264e-10,-3.8872e-13,0.00072712,0.040312,0
0.00075819,0.027788,1.1283e-10,-6.7491e-14,0.00075819,0.027788,0
0.00075886,0.026044,1.1191e-10,-5.8929e-13,0.00075886,0.026044,0
0.00075963,0.031291,1.116e-10,-1.2299e-14,0.00075963,0.031291,0
0.00023987,0.018214,4.8742e-10,-2.1498e-14,0.00023987,0.018214,0
0.00024002,0.024208,4.8626e-10,-3.2697e-14,0.00024002,0.024208,0
0.00072818,0.046065,1.3208e-10,-7.2622e-13,0.00072818,0.046065,0
0.0007592,0.047788,1.1365e-10,-9.6203e-12,0.0007592,0.047788,0
0.00024192,0.008213,4.8505e-10,-6.7278e-13,0.00024192,0.008213,0
0.00025809,0.022184,4.7267e-10,-1.096e-12,0.00025809,0.022184,0
0.00025809,0.015434,4.7276e-10,-1.1141e-12,0.00025809,0.015434,0
0.0007405,0.034313,1.2286e-10,-1.3484e-12,0.0007405,0.034313,0
0.00023433,0.0049439,4.9128e-10,-5.4314e-13,0.00023433,0.0049439,0
0.00024225,0.0025316,4.8545e-10,-6.7956e-13,0.00024225,0.0025316,0
0.00031378,0.0053441,4.3061e-10,8.6784e-13,0.00031378,0.0053441,0
0.0002523,0.0065452,4.7658e-10,8.5678e-13,0.0002523,0.0065452,0
0.00075777,0.038965,1.1237e-10,-1.8969e-13,0.00075777,0.038965,0
0.00074661,0.037706,1.1923e-10,1.1705e-12,0.00074661,0.037706,0
0.00023728,0.015894,4.8958e-10,1.1523e-12,0.00023728,0.015894,0
0.00076187,0.033851,1.0976e-10,-1.9292e-12,0.00076187,0.033851,0
0.00025177,0.019563,4.7813e-10,8.2153e-13,0.00025177,0.019563,0
0.00023728,0.022644,4.8953e-10,1.2587e-12,0.00023728,0.022644,0
0.00026201,0.049433,4.4512e-10,-1.2401e-10,0.00026201,0.049433,0
0.00074734,0.022185,1.1943e-10,1.4104e-12,0.00074734,0.022185,0
0.00074735,0.015435,1.1953e-10,1.4604e-12,0.00074735,0.015435,0
0.00025178,0.034311,4.7682e-10,5.2661e-13,0.00025178,0.034311,0
0.00073565,0.0049503,1.2674e-10,7.8404e-13,0.00073565,0.0049503,0
0.0008172,0.019673,8.0509e-11,-4.0242e-13,0.0008172,0.019673,0
0.00079612,0.022642,9.437e-11,-8.3698e-13,0.00079612,0.022642,0
0.000203,0.033858,5.1647e-10,1.4464e-13,0.000203,0.033858,0
0.00079612,0.015892,9.4453e-11,-8.1389e-13,0.00079612,0.015892,0
0.00023855,0.037707,4.8689e-10,-2.1242e-13,0.00023855,0.037707,0
0.00024835,0.038966,4.7938e-10,1.4738e-13,0.00024835,0.038966,0
0.00075215,0.0025298,1.1655e-10,-1.2676e-12,0.00075215,0.0025298,0
0.00079736,0.005402,9.3444e-11,-1.7528e-12,0.00079736,0.005402,0
0.00076053,0.0065453,1.1108e-10,-5.9087e-13,0.00076053,0.0065453,0
0.00078002,0.0061816,1.0128e-10,7.871e-13,0.00078002,0.0061816,0
0.00021998,0.038068,5.0049e-10,-1.1934e-12,0.00021998,0.038068,0
0.00050059,0.00023457,1.1086e-10,-6.0496e-11,0.00050059,0.00023457,0
0.00049228,0.049768,2.9391e-10,-1.9226e-10,0.00049228,0.049768,0
0.00075114,0.024211,1.1659e-10,1.623e-13,0.00075114,0.024211,0
0.00075284,0.0082157,1.1589e-10,2.1003e-14,0.00075284,0.0082157,0
0.00026119,0.046064,4.6986e-10,8.2926e-13,0.00026119,0.046064,0
0.00018822,0.046869,5.2652e-10,-1.5991e-12,0.00018822,0.046869,0
0.0002485,0.047786,4.785e-10,-9.2641e-12,0.0002485,0.047786,0
0.00023304,0.044221,4.9118e-10,7.5462e-13,0.00023304,0.044221,0
0.00081172,0.0091312,8.4773e-11,-8.8454e-13,0.00081172,0.0091312,0
0.00081185,0.014631,8.4866e-11,-7.2694e-13,0.00081185,0.014631,0
0.00018818,0.035869,5.2756e-10,8.5367e-13,0.00018818,0.035869,0
0.00026057,0.040309,4.6975e-10,1.0515e-12,0.00026057,0.040309,0
0.0002054,0.032101,5.1462e-10,4.966e-13,0.0002054,0.032101,0
0.00024935,0.031289,4.7921e-10,2.8112e-13,0.00024935,0.031289,0
0.00075085,0.018217,1.1756e-10,9.5745e-14,0.00075085,0.018217,0
0.00075123,0.013714,1.1763e-10,5.3204e-13,0.00075123,0.013714,0
0.00018822,0.029371,5.2694e-10,1.0338e-12,0.00018822,0.029371,0
0.00081201,0.021379,8.4566e-11,-9.0778e-13,0.00081201,0.021379,0
0.00020545,0.026851,5.1436e-10,3.9223e-13,0.00020545,0.026851,0
0.0002481,0.027784,4.8043e-10,2.9524e-13,0.0002481,0.027784,0
0.00024888,0.02604,4.7961e-10,3.4954e-13,0.00024888,0.02604,0
0.00048969,0.0028248,2.9515e-10,-7.0122e-13,0.00048969,0.0028248,0
0.00041056,0.0056208,3.5565e-10,4.7276e-13,0.00041056,0.0056208,0
0.00049223,0.0068529,2.9308e-10,-2.3127e-13,0.00049223,0.0068529,0
0.00051031,0.038673,2.787e-10,2.7816e-13,0.00051031,0.038673,0
0.00049917,0.0374,2.8818e-10,5.1172e-13,0.00049917,0.0374,0
0.0003929,0.01611,3.6934e-10,-1.3669e-13,0.0003929,0.01611,0
0.00059753,0.033614,2.1642e-10,3.3778e-13,0.00059753,0.033614,0
0.0004129,0.019881,3.5375e-10,2.6524e-13,0.0004129,0.019881,0
0.0003929,0.02286,3.6928e-10,-1.3226e-14,0.0003929,0.02286,0
0.00048356,0.023891,2.9979e-10,8.0042e-13,0.00048356,0.023891,0
0.00052406,0.026363,2.691e-10,9.7456e-14,0.00052406,0.026363,0
0.00051857,0.028083,2.7325e-10,1.4601e-13,0.00051857,0.028083,0
0.00047661,0.021883,3.0432e-10,2.3162e-13,0.00047661,0.021883,0
0.00053589,0.028873,2.5899e-10,-1.8577e-13,0.00053589,0.028873,0
0.0005242,0.031611,2.6897e-10,2.2104e-13,0.0005242,0.031611,0
0.00047561,0.017125,3.055e-10,6.9323e-13,0.00047561,0.017125,0
0.00048116,0.017917,3.0187e-10,2.9815e-13,0.00048116,0.017917,0
0.00051518,0.034593,2.7545e-10,-1.1581e-13,0.00051518,0.034593,0
0.00047655,0.015134,3.0454e-10,2.7367e-13,0.00047655,0.015134,0
0.00053574,0.035373,2.5944e-10,-2.6562e-13,0.00053574,0.035373,0
0.00041921,0.012705,3.4902e-10,-1.0442e-12,0.00041921,0.012705,0
0.00040525,0.011862,3.5959e-10,-1.0542e-13,0.00040525,0.011862,0
0.00047202,0.011151,3.0861e-10,6.8572e-14,0.00047202,0.011151,0
0.00048001,0.013416,3.0338e-10,2.2027e-13,0.00048001,0.013416,0
0.0004647,0.009628,3.1358e-10,-8.0825e-14,0.0004647,0.009628,0
0.00047226,0.0104,3.084e-10,-2.0255e-14,0.00047226,0.0104,0
0.0005946,0.042138,2.1795e-10,-1.7216e-13,0.0005946,0.042138,0
0.00058078,0.041296,2.2844e-10,-1.256e-12,0.00058078,0.041296,0
0.00049045,0.0079247,2.9438e-10,-3.2314e-13,0.00049045,0.0079247,0
0.00051736,0.040592,2.7372e-10,-4.4452e-13,0.00051736,0.040592,0
0.00052647,0.042848,2.6651e-10,-1.2712e-13,0.00052647,0.042848,0
0.0005121,0.043616,2.7774e-10,8.6199e-14,0.0005121,0.043616,0
0.00052359,0.046365,2.686e-10,-1.0373e-12,0.00052359,0.046365,0
0.00047579,0.0038755,3.0528e-10,5.4964e-13,0.00047579,0.0038755,0
0.0004772,0.0046623,3.0479e-10,6.0007e-13,0.0004772,0.0046623,0
0.00051785,0.048083,2.733e-10,-1.5464e-11,0.00051785,0.048083,0
0.00051074,0.048865,2.745e-10,-5.8082e-11,0.00051074,0.048865,0
0.00049886,0.025818,2.8828e-10,-5.3044e-14,0.00049886,0.025818,0
0.00049689,0.027562,2.9046e-10,2.315e-13,0.00049689,0.027562,0
0.00049736,0.024445,2.8908e-10,1.5533e-13,0.00049736,0.024445,0
0.00050716,0.020681,2.8229e-10,3.5872e-13,0.00050716,0.020681,0
0.00050257,0.030078,2.8654e-10,-4.1705e-13,0.00050257,0.030078,0
0.00050337,0.031055,2.8484e-10,1.4165e-13,0.00050337,0.031055,0
0.00049449,0.018447,2.9206e-10,3.748e-13,0.00049449,0.018447,0
0.00048903,0.032817,2.9695e-10,8.7752e-13,0.00048903,0.032817,0
0.00049278,0.036573,2.9431e-10,5.4123e-13,0.00049278,0.036573,0
0.00049524,0.013932,2.9151e-10,-1.8693e-13,0.00049524,0.013932,0
0.00049904,0.040178,2.877e-10,2.4157e-13,0.00049904,0.040178,0
0.00049581,0.0084324,2.9059e-10,-6.0189e-13,0.00049581,0.0084324,0
0.0005023,0.044939,2.8634e-10,3.8353e-13,0.0005023,0.044939,0
0.00049925,0.04593,2.8783e-10,-7.3013e-14,0.00049925,0.04593,0
0.0005047,0.047568,2.845e-10,-6.6515e-12,0.0005047,0.047568,0
0.0004985,0.0013113,2.8804e-10,-1.0278e-11,0.0004985,0.0013113,0
0.00049592,0.0018073,2.919e-10,-4.2568e-12,0.00049592,0.0018073,0
0.00046523,0.047193,3.1447e-10,-2.6427e-12,0.00046523,0.047193,0
0.00050636,0.045418,2.8396e-10,4.1618e-13,0.00050636,0.045418,0
0.00049357,0.044445,2.9279e-10,-6.4378e-13,0.00049357,0.044445,0
0.00053473,0.0088069,2.6173e-10,3.1022e-13,0.00053473,0.0088069,0
0.00050754,0.03967,2.8302e-10,4.4881e-13,0.00050754,0.03967,0
0.00046172,0.036196,3.1787e-10,9.2186e-13,0.00046172,0.036196,0
0.00053478,0.014307,2.6184e-10,6.2322e-13,0.00053478,0.014307,0
0.00048057,0.032434,3.0281e-10,-5.9812e-14,0.00048057,0.032434,0
0.0004685,0.018922,3.1096e-10,6.2308e-13,0.0004685,0.018922,0
0.00050267,0.030562,2.8594e-10,9.6435e-14,0.00050267,0.030562,0
0.0004632,0.029699,3.1602e-10,8.6499e-13,0.0004632,0.029699,0
0.00053812,0.021052,2.588e-10,8.0807e-13,0.00053812,0.021052,0
0.00050237,0.024929,2.8645e-10,1.1251e-13,0.00050237,0.024929,0
0.00048228,0.027183,3.0106e-10,-2.6503e-13,0.00048228,0.027183,0
0.00048912,0.025455,2.9576e-10,-1.2093e-13,0.00048912,0.025455,0
0.00023201,0.036781,4.9255e-10,1.2863e-13,0.00023201,0.036781,0
0.00023577,0.033033,4.9e-10,2.012e-13,0.00023577,0.033033,0
0.00076617,0.020471,1.0805e-10,-2.0145e-15,0.00076617,0.020471,0
0.0005107,0.022313,2.7958e-10,-3.9731e-16,0.0005107,0.022313,0
0.00049883,0.019398,2.8964e-10,-5.3847e-14,0.00049883,0.019398,0
0.00048907,0.034186,2.9497e-10,1.7322e-13,0.00048907,0.034186,0
0.0005107,0.015563,2.7966e-10,1.4835e-15,0.0005107,0.015563,0
0.00046022,0.037911,3.1696e-10,6.438e-13,0.00046022,0.037911,0
0.00050388,0.039197,2.8424e-10,1.2457e-13,0.00050388,0.039197,0
0.0005386,0.0063397,2.5897e-10,6.4775e-13,0.0005386,0.0063397,0
0.00045419,0.0051613,3.222e-10,8.0646e-13,0.00045419,0.0051613,0
0.00049668,0.0022959,2.9073e-10,-1.5727e-12,0.00049668,0.0022959,0
0.00049993,0.00082259,2.6401e-10,-3.1094e-11,0.00049993,0.00082259,0
0.00050207,0.023584,2.8414e-10,3.7998e-13,0.00050207,0.023584,0
0.00054181,0.026695,2.5575e-10,-2.3269e-13,0.00054181,0.026695,0
0.00054992,0.028431,2.5156e-10,7.7337e-13,0.00054992,0.028431,0
0.00041689,0.021498,3.4856e-10,1.0716e-13,0.00041689,0.021498,0
0.00058523,0.029252,2.2634e-10,-5.1565e-13,0.00058523,0.029252,0
0.00054096,0.031944,2.5643e-10,-1.1302e-13,0.00054096,0.031944,0
0.00045097,0.017568,3.2357e-10,2.5295e-13,0.00045097,0.017568,0
0.00050084,0.016833,2.8496e-10,2.3108e-13,0.00050084,0.016833,0
0.00054915,0.034932,2.5233e-10,6.6079e-13,0.00054915,0.034932,0
0.00041612,0.014749,3.4948e-10,1.4574e-13,0.00041612,0.014749,0
0.00043791,0.013068,3.3474e-10,8.8434e-14,0.00043791,0.013068,0
0.00058484,0.035751,2.2712e-10,-6.0306e-13,0.00058484,0.035751,0
0.00043534,0.011579,3.3691e-10,4.0224e-14,0.00043534,0.011579,0
0.0005617,0.040933,2.4311e-10,2.9496e-13,0.0005617,0.040933,0
0.00044921,0.010068,3.2519e-10,-2.3468e-13,0.00044921,0.010068,0
0.00044917,0.010819,3.255e-10,-2.7326e-14,0.00044917,0.010819,0
0.00043915,0.012288,3.3326e-10,-1.0017e-13,0.00043915,0.012288,0
0.00041434,0.0092494,3.5095e-10,-3.1501e-13,0.00041434,0.0092494,0
0.00056406,0.04242,2.4186e-10,6.8251e-13,0.00056406,0.04242,0
0.00056084,0.041711,2.4492e-10,3.2154e-14,0.00056084,0.041711,0
0.00054983,0.043182,2.5187e-10,7.5524e-13,0.00054983,0.043182,0
0.00042564,0.043965,3.426e-10,1.8209e-13,0.00042564,0.043965,0
0.00049539,0.0075907,2.8935e-10,2.4196e-13,0.00049539,0.0075907,0
0.00050206,0.0035837,2.8381e-10,7.6591e-14,0.00050206,0.0035837,0
0.00045052,0.004318,3.2404e-10,2.6597e-13,0.00045052,0.004318,0
0.00058392,0.046751,2.2715e-10,-2.0904e-12,0.00058392,0.046751,0
0.00054829,0.048431,2.5188e-10,-2.7402e-11,0.00054829,0.048431,0
0.00042408,0.049201,3.3307e-10,-9.5357e-11,0.00042408,0.049201,0
0.00049462,0.0031603,2.9003e-10,-9.4461e-13,0.00049462,0.0031603,0
0.00047923,0.0058939,3.0284e-10,1.2142e-13,0.00047923,0.0058939,0
0.00050936,0.0071585,2.7859e-10,-3.8892e-13,0.00050936,0.0071585,0
0.00050249,0.038348,2.8583e-10,-4.2126e-13,0.00050249,0.038348,0
0.00042343,0.037038,3.4455e-10,5.0774e-13,0.00042343,0.037038,0
0.00047349,0.016401,3.0684e-10,-4.6352e-13,0.00047349,0.016401,0
0.00044821,0.033302,3.2516e-10,6.9207e-13,0.00044821,0.033302,0
0.00055588,0.020203,2.4635e-10,3.6113e-13,0.00055588,0.020203,0
0.00047351,0.023151,3.0679e-10,-3.0682e-13,0.00047351,0.023151,0
0.00080552,0.023745,8.5098e-11,-7.4053e-13,0.00080552,0.023745,0
0.000199,0.026506,5.1719e-10,-1.2024e-12,0.000199,0.026506,0
0.00021341,0.028178,5.0785e-10,-1.1162e-12,0.00021341,0.028178,0
0.0008036,0.021737,8.5827e-11,6.4766e-14,0.0008036,0.021737,0
0.00019969,0.029004,5.1729e-10,-5.3994e-13,0.00019969,0.029004,0
0.00019894,0.031756,5.1723e-10,-1.1139e-12,0.00019894,0.031756,0
0.00078674,0.017822,9.7178e-11,-5.019e-13,0.00078674,0.017822,0
0.00080331,0.017002,8.7032e-11,3.9219e-14,0.00080331,0.017002,0
0.00021276,0.034681,5.0814e-10,-6.6031e-13,0.00021276,0.034681,0
0.00019959,0.035503,5.177e-10,-5.4014e-13,0.00019959,0.035503,0
0.00080359,0.014988,8.6057e-11,1.5754e-13,0.00080359,0.014988,0
0.00082728,0.011858,7.6663e-11,-7.2299e-14,0.00082728,0.011858,0
0.00078344,0.011078,1.0043e-10,6.1494e-13,0.00078344,0.011078,0
0.00080077,0.0094972,8.8843e-11,4.4767e-13,0.00080077,0.0094972,0
0.00078295,0.01033,1.0053e-10,5.9835e-13,0.00078295,0.01033,0
0.00078265,0.013319,9.9532e-11,9.1202e-15,0.00078265,0.013319,0
0.00021489,0.042921,5.0658e-10,-8.0267e-13,0.00021489,0.042921,0
0.00021728,0.040683,5.0476e-10,-1.3129e-12,0.00021728,0.040683,0
0.00085997,0.012482,5.7116e-11,-1.4496e-12,0.00085997,0.012482,0
0.00017274,0.042141,5.3698e-10,1.0241e-12,0.00017274,0.042141,0
0.00020191,0.043662,5.1586e-10,4.1331e-13,0.00020191,0.043662,0
0.00014003,0.041518,5.6189e-10,3.9357e-14,0.00014003,0.041518,0
0.00078724,0.0076604,9.8323e-11,-1.1174e-12,0.00078724,0.0076604,0
0.00019674,0.046512,5.1855e-10,-2.0673e-12,0.00019674,0.046512,0
0.00078536,0.0045711,9.7824e-11,-4.1752e-13,0.00078536,0.0045711,0
0.00080342,0.0037525,8.6776e-11,-2.2466e-13,0.00080342,0.0037525,0
0.00021309,0.048178,5.0431e-10,-1.9833e-11,0.00021309,0.048178,0
0.00020164,0.048912,5.0109e-10,-6.0874e-11,0.00020164,0.048912,0
0.00081492,0.020015,7.9983e-11,-6.4842e-13,0.00081492,0.020015,0
0.0001891,0.033489,5.2292e-10,-1.0316e-12,0.0001891,0.033489,0
0.00021414,0.038411,5.0715e-10,1.3277e-13,0.00021414,0.038411,0
0.00018614,0.037149,5.2714e-10,-5.1607e-13,0.00018614,0.037149,0
0.00081437,0.0057885,8.0178e-11,6.6486e-13,0.00081437,0.0057885,0
0.00078744,0.0030916,9.8208e-11,6.1765e-13,0.00078744,0.0030916,0
0.00084313,0.0071299,6.6041e-11,4.7344e-13,0.00084313,0.0071299,0
0.00079822,0.016264,9.0289e-11,9.5375e-13,0.00079822,0.016264,0
0.00079822,0.023014,9.0238e-11,9.1099e-13,0.00079822,0.023014,0
0.00020063,0.049807,4.9744e-10,-1.7356e-10,0.00020063,0.049807,0
0.00077757,0.049791,1.3186e-10,-2.2942e-10,0.00077757,0.049791,0
0.00022267,0.00021075,2.2754e-10,-4.7806e-11,0.00022267,0.00021075,0
0.00077924,0.0002081,-6.6682e-12,-4.849e-11,0.00077924,0.0002081,0
0.00048312,0.049542,2.9331e-10,-1.5266e-10,0.00048312,0.049542,0
0.00050472,0.00046309,1.9261e-10,-5.623e-11,0.00050472,0.00046309,0
0.00078403,0.049636,1.204e-10,-1.9439e-10,0.00078403,0.049636,0
0.00021195,0.00036453,3.67e-10,-2.833e-11,0.00021195,0.00036453,0
0.0007997,0.00035551,-8.7047e-12,-5.3989e-11,0.0007997,0.00035551,0
0.00080177,0.012868,8.9437e-11,3.5916e-13,0.00080177,0.012868,0
0.00019822,0.041132,5.1669e-10,2.9488e-13,0.00019822,0.041132,0
0.00085291,0.004207,6.087e-11,-1.3854e-12,0.00085291,0.004207,0
0.00014674,0.048541,5.4744e-10,-3.3818e-11,0.00014674,0.048541,0
0.0001327,0.042541,5.6647e-10,2.2105e-13,0.0001327,0.042541,0
0.00085252,0.0099579,6.0873e-11,-9.6053e-13,0.00085252,0.0099579,0
0.00086574,0.011459,5.5484e-11,-7.1666e-13,0.00086574,0.011459,0
0.00014699,0.04329,5.5639e-10,1.406e-12,0.00014699,0.04329,0
0.00085189,0.010709,6.1732e-11,-1.2012e-12,0.00085189,0.010709,0
0.0001479,0.035043,5.5607e-10,8.208e-13,0.0001479,0.035043,0
0.00085291,0.017457,6.0941e-11,-1.2252e-12,0.00085291,0.017457,0
0.000148,0.028543,5.5585e-10,5.8203e-13,0.000148,0.028543,0
0.00019901,0.041934,5.191e-10,-5.7341e-13,0.00019901,0.041934,0
0.00080098,0.012066,9.1177e-11,1.7238e-12,0.00080098,0.012066,0
0.00018696,0.04965,5.0047e-10,-1.5164e-10,0.00018696,0.04965,0
0.00081341,0.0034279,8.2153e-11,-1.9233e-12,0.00081341,0.0034279,0
0.00081637,0.0073193,8.0543e-11,1.8684e-12,0.00081637,0.0073193,0
0.00081311,0.016678,8.2315e-11,-1.1687e-12,0.00081311,0.016678,0
0.00081322,0.023427,8.2538e-11,-1.3738e-12,0.00081322,0.023427,0
0.00082894,0.048973,8.1247e-11,-7.5447e-11,0.00082894,0.048973,0
0.00083482,0.048192,7.2433e-11,-1.9662e-11,0.00083482,0.048192,0
0.00016805,0.0037776,5.4204e-10,2.5946e-13,0.00016805,0.0037776,0
0.00083824,0.046454,6.6927e-11,-8.0302e-13,0.00083824,0.046454,0
0.00016364,0.004556,5.4618e-10,1.9105e-12,0.00016364,0.004556,0
0.00016912,0.0078097,5.4116e-10,1.3091e-12,0.00016912,0.0078097,0
0.00083054,0.043724,7.1116e-11,-1.7253e-14,0.00083054,0.043724,0
0.00082474,0.041439,7.225e-11,-9.6488e-13,0.00082474,0.041439,0
0.00083445,0.042949,6.8806e-11,-6.2315e-13,0.00083445,0.042949,0
0.00084673,0.042206,6.2495e-11,-5.1048e-13,0.00084673,0.042206,0
0.00016067,0.0095412,5.4699e-10,3.6941e-13,0.00016067,0.0095412,0
0.00017526,0.012561,5.3684e-10,7.5023e-13,0.00017526,0.012561,0
0.00083404,0.040695,6.925e-11,-1.7069e-13,0.00083404,0.040695,0
0.00016541,0.010301,5.4447e-10,6.2236e-13,0.00016541,0.010301,0
0.00016519,0.011051,5.4481e-10,6.9689e-13,0.00016519,0.011051,0
0.0001532,0.011793,5.5284e-10,9.4585e-13,0.0001532,0.011793,0
0.00016437,0.013308,5.4641e-10,1.5057e-12,0.00016437,0.013308,0
0.00016136,0.015045,5.4654e-10,1.4268e-12,0.00016136,0.015045,0
0.0008337,0.034695,6.937e-11,-6.5208e-14,0.0008337,0.034695,0
0.00083945,0.035459,6.6066e-11,-6.6741e-13,0.00083945,0.035459,0
0.00016788,0.017028,5.4235e-10,2.7963e-13,0.00016788,0.017028,0
0.00016433,0.017807,5.4558e-10,1.8561e-12,0.00016433,0.017807,0
0.00084032,0.031719,6.6747e-11,8.1199e-13,0.00084032,0.031719,0
0.0008395,0.028959,6.57e-11,-4.7473e-13,0.0008395,0.028959,0
0.00016141,0.021795,5.463e-10,1.4359e-12,0.00016141,0.021795,0
0.00083564,0.028193,6.8876e-11,6.7141e-13,0.00083564,0.028193,0
0.00084013,0.02647,6.681e-11,6.469e-13,0.00084013,0.02647,0
0.00016649,0.023784,5.4392e-10,1.3478e-12,0.00016649,0.023784,0
0.00014848,0.02295,5.55e-10,-1.9787e-12,0.00014848,0.02295,0
0.00015319,0.019974,5.5348e-10,-7.9208e-13,0.00015319,0.019974,0
0.00084984,0.033523,6.1001e-11,-2.0815e-13,0.00084984,0.033523,0
0.00014848,0.0162,5.5502e-10,-2.2095e-12,0.00014848,0.0162,0
0.00083034,0.037282,7.2015e-11,-6.7309e-13,0.00083034,0.037282,0
0.00083127,0.038559,7.0422e-11,-1.4277e-13,0.00083127,0.038559,0
0.00015559,0.0057018,5.5117e-10,-9.8773e-13,0.00015559,0.0057018,0
0.00016926,0.0069649,5.4138e-10,-1.375e-12,0.00016926,0.0069649,0
0.00016854,0.0029407,5.4183e-10,-2.4555e-12,0.00016854,0.0029407,0
0.00083346,0.023602,7.0342e-11,-2.9767e-13,0.00083346,0.023602,0
0.00017572,0.026657,5.3475e-10,-1.1259e-12,0.00017572,0.026657,0
0.00023339,0.028427,4.915e-10,4.8413e-14,0.00023339,0.028427,0
0.00083055,0.021584,7.1631e-11,3.3036e-13,0.00083055,0.021584,0
0.00017066,0.029164,5.3949e-10,-2.3054e-13,0.00017066,0.029164,0
0.00017559,0.031907,5.3493e-10,-1.0178e-12,0.00017559,0.031907,0
0.00076737,0.017573,1.0779e-10,-1.0393e-13,0.00076737,0.017573,0
0.0008328,0.016854,7.0176e-11,4.0085e-14,0.0008328,0.016854,0
0.00023308,0.034927,4.9184e-10,2.9866e-13,0.00023308,0.034927,0
0.00083048,0.014834,7.1989e-11,4.6128e-13,0.00083048,0.014834,0
0.00017058,0.035663,5.3995e-10,-2.8893e-13,0.00017058,0.035663,0
0.00080879,0.01164,8.369e-11,4.7646e-13,0.00080879,0.01164,0
0.00076588,0.010826,1.089e-10,2.5227e-13,0.00076588,0.010826,0
0.00076624,0.010075,1.0816e-10,2.0008e-13,0.00076624,0.010075,0
0.0008295,0.0093372,7.2349e-11,3.7615e-13,0.0008295,0.0093372,0
0.00019146,0.042359,5.2392e-10,3.3417e-13,0.00019146,0.042359,0
0.00023305,0.043174,4.9196e-10,7.8905e-13,0.00023305,0.043174,0
0.00018773,0.043851,5.258e-10,1.6197e-12,0.00018773,0.043851,0
0.00016966,0.046665,5.3938e-10,-2.404e-12,0.00016966,0.046665,0
0.00076715,0.0043233,1.0786e-10,-1.3998e-13,0.00076715,0.0043233,0
0.00083297,0.0036042,6.9797e-11,-3.5125e-13,0.00083297,0.0036042,0
0.00023226,0.048425,4.8641e-10,-2.7931e-11,0.00023226,0.048425,0
0.00018836,0.049099,5.0547e-10,-7.8387e-11,0.00018836,0.049099,0
0.00079454,0.0078391,9.3582e-11,-6.5517e-13,0.00079454,0.0078391,0
0.00026072,0.040944,4.6982e-10,9.6059e-14,0.00026072,0.040944,0
0.00017198,0.041348,5.3665e-10,-3.6808e-13,0.00017198,0.041348,0
0.00082802,0.012652,7.3038e-11,5.2707e-13,0.00082802,0.012652,0
0.00073919,0.013056,1.2735e-10,3.8423e-14,0.00073919,0.013056,0
0.00082295,0.022852,7.641e-11,6.4033e-13,0.00082295,0.022852,0
0.0008346,0.019861,7.0849e-11,-3.2846e-13,0.0008346,0.019861,0
0.00082295,0.016102,7.6486e-11,6.7582e-13,0.00082295,0.016102,0
0.00017245,0.033647,5.3686e-10,-1.2518e-12,0.00017245,0.033647,0
0.00019649,0.03733,5.2052e-10,2.6345e-13,0.00019649,0.03733,0
0.00020614,0.038588,5.124e-10,1.0815e-12,0.00020614,0.038588,0
0.00083449,0.0069395,6.9395e-11,3.7621e-14,0.00083449,0.0069395,0
0.00082779,0.0056121,7.4182e-11,6.6675e-14,0.00082779,0.0056121,0
0.00079425,0.0029115,9.3728e-11,-1.1952e-14,0.00079425,0.0029115,0
0.00078543,0.025353,9.7366e-11,-1.1118e-12,0.00078543,0.025353,0
0.00078621,0.027094,9.6513e-11,-2.0708e-12,0.00078621,0.027094,0
0.00014837,0.021172,5.558e-10,-1.3218e-12,0.00014837,0.021172,0
0.00085185,0.029578,6.2328e-11,-6.2297e-13,0.00085185,0.029578,0
0.00075288,0.030542,1.164e-10,-3.63e-14,0.00075288,0.030542,0
0.00023174,0.018933,4.9221e-10,-5.868e-13,0.00023174,0.018933,0
0.00078407,0.032343,9.8018e-11,-2.0996e-12,0.00078407,0.032343,0
0.00085077,0.036078,6.3366e-11,-5.912e-13,0.00085077,0.036078,0
0.00014635,0.014426,5.5778e-10,-1.2955e-12,0.00014635,0.014426,0
0.0007609,0.039694,1.1084e-10,-7.5726e-13,0.0007609,0.039694,0
0.00014628,0.0089259,5.5775e-10,-1.6944e-12,0.00014628,0.0089259,0
0.00074575,0.044461,1.2039e-10,-4.1486e-13,0.00074575,0.044461,0
0.00076019,0.045442,1.114e-10,-6.7519e-13,0.00076019,0.045442,0
0.00085364,0.047074,6.1879e-11,-3.3164e-12,0.00085364,0.047074,0
0.00024647,0.0017887,4.8371e-10,-2.8826e-12,0.00024647,0.0017887,0
0.00075914,0.04755,1.1363e-10,-6.0307e-12,0.00075914,0.04755,0
0.00079763,0.045823,9.1002e-11,-8.417e-13,0.00079763,0.045823,0
0.00024123,0.0084504,4.8577e-10,-4.5004e-13,0.00024123,0.0084504,0
0.00079783,0.040072,9.0764e-11,-6.556e-13,0.00079783,0.040072,0
0.00024081,0.01395,4.8649e-10,-3.7656e-14,0.00024081,0.01395,0
0.00024438,0.018463,4.8428e-10,9.9875e-14,0.00024438,0.018463,0
0.00075387,0.031037,1.1557e-10,5.8328e-14,0.00075387,0.031037,0
0.00074539,0.027545,1.2077e-10,-5.469e-13,0.00074539,0.027545,0
0.00074644,0.025799,1.1961e-10,-8.7037e-13,0.00074644,0.025799,0
0.0002464,0.024462,4.8186e-10,1.4056e-13,0.0002464,0.024462,0
